Method,In_Degree,Out_Degree,In_Degree_Centrality,Out_Degree_Centrality,Betweenness_Centrality,Closeness_Centrality,PageRank,Clustering_Coefficient
"org.jsoup.parser.TokeniserState.8#read(org.jsoup.parser.Tokeniser,org.jsoup.parser.CharacterReader)",1,5,0.0020325203252032522,0.010162601626016262,5.5234934715513384e-05,0.004516711833785004,0.0010920599332817351,0.0
org.jsoup.parser.CharacterReader#current(),5,2,0.010162601626016262,0.0040650406504065045,9.612595600843167e-05,0.009036898061288306,0.002410695105961261,0.0
org.jsoup.nodes.DocumentType#setPubSysKey(java.lang.String),1,1,0.0020325203252032522,0.0020325203252032522,0.0010259191186616549,0.01024728997289973,0.0009750630731516822,0.0
"org.jsoup.nodes.DocumentType#attr(java.lang.String,java.lang.String)",2,1,0.0040650406504065045,0.0020325203252032522,0.002205001683418056,0.009756097560975611,0.0021680265730495705,0.0
"org.jsoup.parser.TreeBuilder#initialiseParse(java.io.Reader,java.lang.String,org.jsoup.parser.Parser)",1,7,0.0020325203252032522,0.014227642276422765,0.0006591547585536955,0.00470383275261324,0.0018191440320811342,0.0
org.jsoup.nodes.Document#Document(java.lang.String),1,3,0.0020325203252032522,0.006097560975609756,0.00024457856594859226,0.004516711833785004,0.001126740978819111,0.0
"org.jsoup.parser.TokeniserState.2#TokeniserState.2(java.lang.String,int)",0,1,0.0,0.0020325203252032522,0.0,0.0,0.0009334197034274734,0.0
"org.jsoup.parser.TokeniserState#TokeniserState(java.lang.String,int,org.jsoup.parser.TokeniserState.1)",67,1,0.1361788617886179,0.0020325203252032522,0.000277350024009405,0.13617886178861788,0.05410094978936263,0.0
"org.jsoup.parser.TokeniserState.35#read(org.jsoup.parser.Tokeniser,org.jsoup.parser.CharacterReader)",1,4,0.0020325203252032522,0.008130081300813009,8.237495329396319e-05,0.004516711833785004,0.0009686730878395314,0.0
org.jsoup.parser.Token.Tag#appendAttributeName(java.lang.String),1,0,0.0020325203252032522,0.0,0.0,0.004391695702671313,0.0011392991700332484,0.0
"org.jsoup.nodes.Node#attr(java.lang.String,java.lang.String)",1,5,0.0020325203252032522,0.010162601626016262,0.0019373106154686802,0.008034992630628061,0.001667876642537804,0.0
org.jsoup.parser.ParseSettings#normalizeAttribute(java.lang.String),1,1,0.0020325203252032522,0.0020325203252032522,2.0697762985776496e-05,0.007483370288248336,0.0012170149848967987,0.0
org.jsoup.parser.TreeBuilder#processEndTag(java.lang.String),2,3,0.0040650406504065045,0.006097560975609756,0.00013660523570612488,0.010799294739935352,0.0013612516744268674,0.15
org.jsoup.parser.Token.Tag#name(java.lang.String),2,1,0.0040650406504065045,0.0020325203252032522,4.070560053869377e-05,0.01024728997289973,0.0016606938700421238,0.0
org.jsoup.select.QueryParser#consumeSubQuery(),1,5,0.0020325203252032522,0.010162601626016262,4.346530227013064e-05,0.003985333970986768,0.001053950299046071,0.1
"org.jsoup.parser.TokenQueue#chompBalanced(char,char)",2,2,0.0040650406504065045,0.0040650406504065045,8.279105194310599e-06,0.005284552845528456,0.0010786437058401723,0.25
"org.jsoup.helper.DataUtil#load(java.io.File,java.lang.String,java.lang.String)",1,2,0.0020325203252032522,0.0040650406504065045,0.0014571225141986653,0.0020325203252032522,0.0017269649285906832,0.0
org.jsoup.parser.Parser#htmlParser(),2,2,0.0040650406504065045,0.0040650406504065045,0.00017386120908052257,0.005420054200542005,0.0024016227553455595,0.0
org.jsoup.parser.TreeBuilder#processStartTag(java.lang.String),2,3,0.0040650406504065045,0.006097560975609756,0.00016627202931907117,0.010071252397917238,0.0012051192833867255,0.15
org.jsoup.parser.Token.StartTag#reset(),4,3,0.008130081300813009,0.006097560975609756,0.00012142687618322213,0.015762843798650755,0.002623115082567561,0.1
"org.jsoup.nodes.Attributes#putIgnoreCase(java.lang.String,java.lang.String)",1,2,0.0020325203252032522,0.0040650406504065045,0.00040567615452121933,0.007483370288248336,0.0012170149848967987,0.0
"org.jsoup.nodes.Attributes#add(java.lang.String,java.lang.String)",2,1,0.0040650406504065045,0.0020325203252032522,0.0004387925752984617,0.012436268430480915,0.002155615081257797,0.0
"org.jsoup.parser.TokeniserState.65#read(org.jsoup.parser.Tokeniser,org.jsoup.parser.CharacterReader)",1,3,0.0020325203252032522,0.006097560975609756,2.2483768579196466e-05,0.004516711833785004,0.0009346787528707609,0.0
org.jsoup.parser.Tokeniser#emitDoctypePending(),3,1,0.006097560975609756,0.0020325203252032522,2.4837315582931796e-05,0.005922343706195683,0.0014525606206021616,0.0
"org.jsoup.parser.HtmlTreeBuilderState.21#process(org.jsoup.parser.Token,org.jsoup.parser.HtmlTreeBuilder)",1,6,0.0020325203252032522,0.012195121951219513,0.00014288355714514378,0.01244918699186992,0.0011140140416594833,0.0
org.jsoup.parser.Token#isComment(),6,0,0.012195121951219513,0.0,0.0,0.012800038714672862,0.0016342419208492322,0.0
"org.jsoup.parser.TokeniserState.21#TokeniserState.21(java.lang.String,int)",0,1,0.0,0.0020325203252032522,0.0,0.0,0.0009334197034274734,0.0
"org.jsoup.parser.TreeBuilder#parse(java.io.Reader,java.lang.String,org.jsoup.parser.Parser)",2,2,0.0040650406504065045,0.0040650406504065045,0.006490818472339509,0.0055329719963866306,0.0027054973041171185,0.0
org.jsoup.parser.TreeBuilder#runParser(),1,8,0.0020325203252032522,0.016260162601626018,0.00680445857411731,0.005003126954346467,0.0020834904369773114,0.013888888888888888
"org.jsoup.parser.HtmlTreeBuilderState.8#process(org.jsoup.parser.Token,org.jsoup.parser.HtmlTreeBuilder)",1,8,0.0020325203252032522,0.016260162601626018,0.00035351779179706256,0.012943945228925974,0.0010738819664968145,0.0
org.jsoup.parser.HtmlTreeBuilder#originalState(),1,0,0.0020325203252032522,0.0,0.0,0.010860638909419396,0.0010348612593355454,0.0
org.jsoup.select.Elements#text(),0,1,0.0,0.0020325203252032522,0.0,0.0,0.0009334197034274734,0.0
org.jsoup.nodes.Element#text(),2,2,0.0040650406504065045,0.0040650406504065045,0.0005753978110045866,0.0040650406504065045,0.0019253512348814856,0.0
"org.jsoup.helper.DataUtil#parseInputStream(java.io.InputStream,java.lang.String,java.lang.String,org.jsoup.parser.Parser)",2,19,0.0040650406504065045,0.03861788617886179,0.005621512426936897,0.005420054200542005,0.0024016227553455595,0.004761904761904762
org.jsoup.helper.DataUtil#detectCharsetFromBom(java.nio.ByteBuffer),1,1,0.0020325203252032522,0.0020325203252032522,2.0697762985776496e-05,0.004619364375461936,0.0011175247946951185,0.0
org.jsoup.parser.CharacterReader#consume(),17,2,0.034552845528455285,0.0040650406504065045,0.0003185000440477069,0.020579268292682928,0.0066675993320115205,0.0
org.jsoup.parser.CharacterReader#bufferUp(),14,1,0.02845528455284553,0.0020325203252032522,0.0005795373636017419,0.053424891725552766,0.01771640145646171,0.009523809523809525
"org.jsoup.parser.HtmlTreeBuilderState.1#process(org.jsoup.parser.Token,org.jsoup.parser.HtmlTreeBuilder)",1,18,0.0020325203252032522,0.03658536585365854,0.004680454136516925,0.012112722478576138,0.001093948004078149,0.0
org.jsoup.parser.Token.Doctype#isForceQuirks(),1,0,0.0020325203252032522,0.0,0.0,0.01024728997289973,0.0009750630731516822,0.0
"org.jsoup.parser.HtmlTreeBuilderState.8#HtmlTreeBuilderState.8(java.lang.String,int)",0,1,0.0,0.0020325203252032522,0.0,0.0,0.0009334197034274734,0.0
"org.jsoup.parser.HtmlTreeBuilderState#HtmlTreeBuilderState(java.lang.String,int,org.jsoup.parser.HtmlTreeBuilderState.1)",23,1,0.0467479674796748,0.0020325203252032522,9.520970973457188e-05,0.046747967479674794,0.0191849598821813,0.0
org.jsoup.select.QueryParser#parse(),1,7,0.0020325203252032522,0.014227642276422765,0.0010390277018859802,0.004842180774748924,0.0015963472715837218,0.05357142857142857
org.jsoup.parser.TokenQueue#isEmpty(),8,1,0.016260162601626018,0.0020325203252032522,8.279105194310599e-05,0.014518002322880372,0.005319379871011792,0.05555555555555555
org.jsoup.nodes.Node#outerHtml(java.lang.Appendable),1,3,0.0020325203252032522,0.006097560975609756,0.0012128889109665026,0.0032520325203252037,0.0021609732429044037,0.0
"org.jsoup.select.NodeTraversor#traverse(org.jsoup.select.NodeVisitor,org.jsoup.nodes.Node)",3,12,0.006097560975609756,0.024390243902439025,0.0046280198036196245,0.010452961672473867,0.0030366408660946836,0.004761904761904762
"org.jsoup.nodes.Element#Element(org.jsoup.parser.Tag,java.lang.String)",1,1,0.0020325203252032522,0.0020325203252032522,1.793806125433963e-05,0.004391695702671313,0.00125272281748496,0.0
"org.jsoup.nodes.Element#Element(org.jsoup.parser.Tag,java.lang.String,org.jsoup.nodes.Attributes)",3,1,0.006097560975609756,0.0020325203252032522,2.4837315582931796e-05,0.015880097825368495,0.0023979857269177734,0.0
org.jsoup.select.QueryParser#byAttribute(),1,10,0.0020325203252032522,0.020325203252032523,0.00036842018114682166,0.004471544715447155,0.0010293019165582206,0.02727272727272727
org.jsoup.select.Evaluator.Attribute#Evaluator.Attribute(java.lang.String),1,0,0.0020325203252032522,0.0,0.0,0.004368401892974154,0.0009881113182103787,0.0
"org.jsoup.parser.HtmlTreeBuilderState.10#HtmlTreeBuilderState.10(java.lang.String,int)",0,1,0.0,0.0020325203252032522,0.0,0.0,0.0009334197034274734,0.0
org.jsoup.parser.TokenQueue#consume(),3,0,0.006097560975609756,0.0,0.0,0.007967479674796748,0.0015942971434023787,0.16666666666666666
org.jsoup.parser.HtmlTreeBuilder#process(org.jsoup.parser.Token),8,9,0.016260162601626018,0.01829268292682927,0.0096889881082829,0.01659891598915989,0.0029738589884261524,0.03007518796992481
"org.jsoup.parser.TokeniserState.60#read(org.jsoup.parser.Tokeniser,org.jsoup.parser.CharacterReader)",1,3,0.0020325203252032522,0.006097560975609756,9.147631186511814e-05,0.004516711833785004,0.0009346787528707609,0.0
"org.jsoup.nodes.Entities#load(org.jsoup.nodes.Entities.EscapeMode,java.lang.String,int)",1,15,0.0020325203252032522,0.030487804878048783,0.00020697762985776496,0.0027100271002710027,0.0024016227553455595,0.0
org.jsoup.nodes.Entities.EscapeMode#access.200(org.jsoup.nodes.Entities.EscapeMode),1,0,0.0020325203252032522,0.0,0.0,0.003048780487804878,0.0011022741998937976,0.0
"org.jsoup.parser.TokeniserState.3#read(org.jsoup.parser.Tokeniser,org.jsoup.parser.CharacterReader)",1,4,0.0020325203252032522,0.008130081300813009,8.150793470186737e-05,0.004516711833785004,0.0009510463956335024,0.0
org.jsoup.parser.CharacterReader#consumeToAny(char[]),3,2,0.006097560975609756,0.0040650406504065045,7.700699259226202e-05,0.007259001161440185,0.0014695923627898117,0.0
org.jsoup.parser.CharacterReader#consumeTagName(),1,2,0.0020325203252032522,0.0040650406504065045,2.6084838504665105e-05,0.004391695702671313,0.001121862937606662,0.0
"org.jsoup.nodes.Document#findFirstElementByTagName(java.lang.String,org.jsoup.nodes.Node)",3,9,0.006097560975609756,0.01829268292682927,0.00010762836752603778,0.0040650406504065045,0.003148803998067199,0.0
org.jsoup.nodes.Element#childNodeSize(),3,0,0.006097560975609756,0.0,0.0,0.015866771570941518,0.0017185639407332244,0.0
org.jsoup.parser.Token#isEOF(),2,0,0.0040650406504065045,0.0,0.0,0.011317928968763371,0.0011797113139858924,0.0
"org.jsoup.parser.HtmlTreeBuilderState.7#process(org.jsoup.parser.Token,org.jsoup.parser.HtmlTreeBuilder)",2,26,0.0040650406504065045,0.052845528455284556,0.0037872279705185937,0.01318149210903874,0.002628740019760338,0.013262599469496022
"org.jsoup.parser.Tag#valueOf(java.lang.String,org.jsoup.parser.ParseSettings)",3,4,0.006097560975609756,0.008130081300813009,0.0003397882756831641,0.016479894528675015,0.0016522610366825812,0.0
org.jsoup.helper.Validate#notEmpty(java.lang.String),6,0,0.012195121951219513,0.0,0.0,0.02556551075714839,0.0030147341211525513,0.0
org.jsoup.nodes.Element#appendChild(org.jsoup.nodes.Node),3,5,0.006097560975609756,0.010162601626016262,0.0011766678257413938,0.018257024675509916,0.0015728046813072356,0.0
org.jsoup.helper.ChangeNotifyingArrayList#add(java.lang.Object),1,1,0.0020325203252032522,0.0020325203252032522,0.00027321047141224975,0.015057242409158787,0.0012008564692361796,0.0
"org.jsoup.parser.HtmlTreeBuilderState.20#HtmlTreeBuilderState.20(java.lang.String,int)",0,1,0.0,0.0020325203252032522,0.0,0.0,0.0009334197034274734,0.0
org.jsoup.helper.StringUtil#normaliseWhitespace(java.lang.String),1,2,0.0020325203252032522,0.0040650406504065045,2.0697762985776496e-05,0.0020325203252032522,0.0011318060097182758,0.0
"org.jsoup.helper.StringUtil#appendNormalisedWhitespace(java.lang.StringBuilder,java.lang.String,boolean)",2,2,0.0040650406504065045,0.0040650406504065045,0.00019041941946914377,0.00757185388755296,0.0018206942902439817,0.0
"org.jsoup.parser.HtmlTreeBuilderState.3#process(org.jsoup.parser.Token,org.jsoup.parser.HtmlTreeBuilder)",1,12,0.0020325203252032522,0.024390243902439025,0.0004912959007390479,0.012112722478576138,0.0011240470604501505,0.012987012987012988
org.jsoup.parser.HtmlTreeBuilderState#access.100(org.jsoup.parser.Token),8,1,0.016260162601626018,0.0020325203252032522,0.0003079827132283543,0.013963678597824937,0.0020186737057544583,0.0
org.jsoup.parser.Token.Doctype#reset(),2,1,0.0040650406504065045,0.0020325203252032522,2.0697762985776493e-05,0.007138607971445568,0.001969142788623868,0.0
org.jsoup.parser.Token#reset(java.lang.StringBuilder),5,0,0.010162601626016262,0.0,0.0,0.02574061699521105,0.008053244459012376,0.0
org.jsoup.helper.StringUtil#isBlank(java.lang.String),2,1,0.0040650406504065045,0.0020325203252032522,9.520970973457188e-05,0.011382113821138212,0.0024603384143981354,0.0
org.jsoup.helper.StringUtil#isWhitespace(int),2,0,0.0040650406504065045,0.0,0.0,0.015447154471544718,0.0039012466977928315,0.0
"org.jsoup.parser.TokeniserState.37#read(org.jsoup.parser.Tokeniser,org.jsoup.parser.CharacterReader)",1,3,0.0020325203252032522,0.006097560975609756,2.2483768579196466e-05,0.004516711833785004,0.0009686730878395314,0.0
org.jsoup.parser.CharacterReader#unconsume(),3,0,0.006097560975609756,0.0,0.0,0.005922343706195683,0.0013128840775223892,0.0
org.jsoup.parser.HtmlTreeBuilder#framesetOk(),1,0,0.0020325203252032522,0.0,0.0,0.01093044263775971,0.0010796608891371286,0.0
org.jsoup.parser.HtmlTreeBuilder#popStackToClose(java.lang.String[]),1,2,0.0020325203252032522,0.0040650406504065045,0.0,0.01093044263775971,0.0009461363282717912,0.3333333333333333
org.jsoup.nodes.Element#nodeName(),7,1,0.014227642276422765,0.0020325203252032522,0.00019869852466345437,0.028707914197786046,0.005436146561218925,0.05357142857142857
org.jsoup.parser.HtmlTreeBuilder#insert(org.jsoup.parser.Token.StartTag),5,6,0.010162601626016262,0.012195121951219513,0.0011832221173535568,0.014435513673318552,0.0016098026841796368,0.0
org.jsoup.parser.HtmlTreeBuilder#insert(org.jsoup.nodes.Element),1,1,0.0020325203252032522,0.0020325203252032522,0.00034772241816104514,0.01205248894594209,0.0011615247244984674,0.0
org.jsoup.parser.HtmlTreeBuilder#transition(org.jsoup.parser.HtmlTreeBuilderState),9,0,0.01829268292682927,0.0,0.0,0.016554020961896367,0.0019637096636834924,0.0
org.jsoup.parser.CharacterReader#consumeToAnySorted(char[]),2,2,0.0040650406504065045,0.0040650406504065045,5.216967700933021e-05,0.005134788189987163,0.0012982223053606037,0.0
org.jsoup.parser.HtmlTreeBuilder#insertEmpty(org.jsoup.parser.Token.StartTag),1,5,0.0020325203252032522,0.010162601626016262,0.00023388472173927448,0.01035515618314078,0.0010082484076166715,0.0
org.jsoup.parser.HtmlTreeBuilder#insertNode(org.jsoup.nodes.Node),3,5,0.006097560975609756,0.010162601626016262,0.0006892355074263573,0.013897151166633618,0.0023607851707755432,0.0
"org.jsoup.parser.HtmlTreeBuilderState.18#process(org.jsoup.parser.Token,org.jsoup.parser.HtmlTreeBuilder)",1,10,0.0020325203252032522,0.020325203252032523,0.0002470622975068853,0.01244918699186992,0.0011140140416594833,0.0
org.jsoup.select.QueryParser#findElements(),1,5,0.0020325203252032522,0.010162601626016262,0.0005753978110045866,0.004619364375461936,0.0011842011952383968,0.06666666666666667
org.jsoup.select.QueryParser#byTag(),1,3,0.0020325203252032522,0.006097560975609756,0.00010141903863030483,0.004471544715447155,0.001041287193199564,0.0
"org.jsoup.parser.TokeniserState.53#TokeniserState.53(java.lang.String,int)",0,1,0.0,0.0020325203252032522,0.0,0.0,0.0009334197034274734,0.0
"org.jsoup.parser.TokeniserState.40#TokeniserState.40(java.lang.String,int)",0,1,0.0,0.0020325203252032522,0.0,0.0,0.0009334197034274734,0.0
"org.jsoup.parser.TokeniserState.12#read(org.jsoup.parser.Tokeniser,org.jsoup.parser.CharacterReader)",1,5,0.0020325203252032522,0.010162601626016262,9.474884587017761e-05,0.004516711833785004,0.0009422330495304878,0.0
org.jsoup.parser.Tokeniser#createTagPending(boolean),3,2,0.006097560975609756,0.0040650406504065045,6.209328895732949e-05,0.005922343706195683,0.0014476434639906532,0.05
org.jsoup.nodes.Element#html(),1,4,0.0020325203252032522,0.008130081300813009,0.0006706075207391585,0.0027100271002710027,0.0024016227553455595,0.0
org.jsoup.nodes.Node#getOutputSettings(),2,2,0.0040650406504065045,0.0040650406504065045,6.209328895732949e-05,0.005645889792231256,0.0020562954141601364,0.0
"org.jsoup.parser.TokeniserState.34#TokeniserState.34(java.lang.String,int)",0,1,0.0,0.0020325203252032522,0.0,0.0,0.0009334197034274734,0.0
"org.jsoup.parser.HtmlTreeBuilderState.6#process(org.jsoup.parser.Token,org.jsoup.parser.HtmlTreeBuilder)",1,13,0.0020325203252032522,0.026422764227642278,0.00043361813455201746,0.012278650183762112,0.0011240470604501505,0.01098901098901099
"org.jsoup.nodes.Node.OuterHtmlVisitor#Node.OuterHtmlVisitor(java.lang.Appendable,org.jsoup.nodes.Document.OutputSettings)",1,1,0.0020325203252032522,0.0020325203252032522,4.139552597155299e-05,0.003387533875338753,0.001545822206554393,0.0
org.jsoup.nodes.Document.OutputSettings#prepareEncoder(),1,1,0.0020325203252032522,0.0020325203252032522,2.4837315582931796e-05,0.003484320557491289,0.0022476953907534,0.0
org.jsoup.parser.HtmlTreeBuilder#insert(org.jsoup.parser.Token.Character),4,6,0.008130081300813009,0.012195121951219513,0.0006250724421704501,0.012649450023912002,0.0012963113750758429,0.022222222222222223
org.jsoup.parser.Token#isCData(),1,0,0.0020325203252032522,0.0,0.0,0.01074065786529425,0.0010908605853381418,0.0
org.jsoup.helper.DataUtil#getCharsetFromContentType(java.lang.String),1,1,0.0020325203252032522,0.0020325203252032522,0.0,0.004619364375461936,0.0009836301828641037,0.5
"org.jsoup.parser.TokeniserState.36#TokeniserState.36(java.lang.String,int)",0,1,0.0,0.0020325203252032522,0.0,0.0,0.0009334197034274734,0.0
"org.jsoup.parser.TokeniserState.15#TokeniserState.15(java.lang.String,int)",0,1,0.0,0.0020325203252032522,0.0,0.0,0.0009334197034274734,0.0
"org.jsoup.nodes.LeafNode#attr(java.lang.String,java.lang.String)",1,4,0.0020325203252032522,0.008130081300813009,0.0022256994464038326,0.008760863470703673,0.0027766125701584733,0.05
"org.jsoup.parser.TokeniserState.9#read(org.jsoup.parser.Tokeniser,org.jsoup.parser.CharacterReader)",1,4,0.0020325203252032522,0.008130081300813009,4.981409202876241e-05,0.004516711833785004,0.000990076928375424,0.05
org.jsoup.parser.CharacterReader#matchesLetter(),6,1,0.012195121951219513,0.0020325203252032522,3.3116420777242394e-05,0.00852992136478742,0.0022285835450260366,0.023809523809523808
"org.jsoup.parser.Tokeniser#Tokeniser(org.jsoup.parser.CharacterReader,org.jsoup.parser.ParseErrorList)",1,5,0.0020325203252032522,0.010162601626016262,0.00015316344609474607,0.004516711833785004,0.001126740978819111,0.0
org.jsoup.parser.Token.Character#Token.Character(),1,1,0.0020325203252032522,0.0020325203252032522,2.759701731436866e-06,0.004391695702671313,0.0011250015718619654,0.0
"org.jsoup.parser.TokeniserState.54#read(org.jsoup.parser.Tokeniser,org.jsoup.parser.CharacterReader)",1,5,0.0020325203252032522,0.010162601626016262,0.00013086299001787845,0.004516711833785004,0.0009397149506439122,0.06666666666666667
org.jsoup.parser.CharacterReader#matchesAny(char[]),1,2,0.0020325203252032522,0.0040650406504065045,8.60672753889829e-06,0.004391695702671313,0.0010931991999336829,0.3333333333333333
org.jsoup.parser.Token#asCharacter(),5,0,0.010162601626016262,0.0,0.0,0.015098722415795587,0.0016392939014816597,0.0
org.jsoup.parser.Tokeniser#error(org.jsoup.parser.TokeniserState),1,1,0.0020325203252032522,0.0020325203252032522,4.553507856870829e-05,0.004391695702671313,0.0011982915956397324,0.0
org.jsoup.parser.Tokeniser#emit(org.jsoup.parser.Token),4,1,0.008130081300813009,0.0020325203252032522,8.693060454026129e-05,0.012278650183762112,0.0029988419251505637,0.0
"org.jsoup.helper.Validate#isFalse(boolean,java.lang.String)",1,0,0.0020325203252032522,0.0,0.0,0.01035515618314078,0.003483056329031036,0.0
org.jsoup.parser.Token.Tag#appendTagName(char),1,1,0.0020325203252032522,0.0020325203252032522,8.279105194310599e-06,0.004391695702671313,0.0010669261010071705,0.0
"org.jsoup.parser.TokeniserState.34#read(org.jsoup.parser.Tokeniser,org.jsoup.parser.CharacterReader)",1,4,0.0020325203252032522,0.008130081300813009,0.000285345358498558,0.004516711833785004,0.0009686730878395314,0.0
org.jsoup.parser.Token.Tag#newAttribute(),2,2,0.0040650406504065045,0.0040650406504065045,0.00045328100938850526,0.008273216534982251,0.00248187030019054,0.0
"org.jsoup.parser.HtmlTreeBuilderState.2#process(org.jsoup.parser.Token,org.jsoup.parser.HtmlTreeBuilder)",1,8,0.0020325203252032522,0.016260162601626018,0.00021567069031179113,0.012943945228925974,0.0011140140416594833,0.0
org.jsoup.parser.Token#isCharacter(),2,0,0.0040650406504065045,0.0,0.0,0.013878623634721197,0.002360126829918919,0.0
"org.jsoup.parser.TokeniserState.17#TokeniserState.17(java.lang.String,int)",0,1,0.0,0.0020325203252032522,0.0,0.0,0.0009334197034274734,0.0
"org.jsoup.parser.HtmlTreeBuilderState.4#HtmlTreeBuilderState.4(java.lang.String,int)",0,1,0.0,0.0020325203252032522,0.0,0.0,0.0009334197034274734,0.0
org.jsoup.parser.CharacterReader#CharacterReader(java.io.Reader),1,1,0.0020325203252032522,0.0020325203252032522,9.583064262414518e-05,0.004516711833785004,0.001126740978819111,0.0
"org.jsoup.helper.StringUtil#inSorted(java.lang.String,java.lang.String[])",3,0,0.006097560975609756,0.0,0.0,0.0159752298457564,0.003962383883376775,0.16666666666666666
org.jsoup.parser.TokenQueue#matchesAny(java.lang.String[]),4,1,0.008130081300813009,0.0020325203252032522,3.1046644478664745e-05,0.009817456665132689,0.001902260429279592,0.05
"org.jsoup.nodes.Element.1#head(org.jsoup.nodes.Node,int)",1,3,0.0020325203252032522,0.006097560975609756,0.001086632556753266,0.008948046797541147,0.0011890887073229667,0.0
"org.jsoup.nodes.Element#access.000(java.lang.StringBuilder,org.jsoup.nodes.TextNode)",1,1,0.0020325203252032522,0.0020325203252032522,0.0009852135181229612,0.007970667941973536,0.0014803113218209917,0.0
org.jsoup.parser.CharacterReader#isEmpty(),6,1,0.012195121951219513,0.0020325203252032522,8.551607293085901e-05,0.015009380863039401,0.004988483828742446,0.09523809523809523
org.jsoup.nodes.Element#ensureChildNodes(),3,1,0.006097560975609756,0.0020325203252032522,0.0004387925752984617,0.02942963707987595,0.004539497481725889,0.0
"org.jsoup.nodes.Element.NodeList#Element.NodeList(org.jsoup.nodes.Element,int)",1,1,0.0020325203252032522,0.0020325203252032522,0.00022353584024638616,0.0238985051140834,0.004792897980122963,0.0
org.jsoup.nodes.Document.OutputSettings#Document.OutputSettings(),1,1,0.0020325203252032522,0.0020325203252032522,2.4837315582931796e-05,0.004391695702671313,0.00125272281748496,0.0
"org.jsoup.select.CombiningEvaluator.And#matches(org.jsoup.nodes.Element,org.jsoup.nodes.Element)",1,3,0.0020325203252032522,0.006097560975609756,0.0010348881492888249,0.0072873289708506855,0.002018000370888925,0.0
"org.jsoup.select.Evaluator.AttributeWithValue#matches(org.jsoup.nodes.Element,org.jsoup.nodes.Element)",1,2,0.0020325203252032522,0.0040650406504065045,0.0007658172304737304,0.006784412671712924,0.001128385442183176,0.0
"org.jsoup.internal.ConstrainableInputStream#read(byte[],int,int)",3,1,0.006097560975609756,0.0020325203252032522,0.00032288510257811334,0.047929665343165055,0.016755291733135884,0.0
"org.jsoup.nodes.Attributes#html(java.lang.Appendable,org.jsoup.nodes.Document.OutputSettings)",1,2,0.0020325203252032522,0.0040650406504065045,0.00043465302270130645,0.0072873289708506855,0.0011898131900545277,0.0
"org.jsoup.nodes.Attribute#shouldCollapseAttribute(java.lang.String,java.lang.String,org.jsoup.nodes.Document.OutputSettings)",1,1,0.0020325203252032522,0.0020325203252032522,4.139552597155299e-06,0.006784412671712924,0.0014391924637452843,0.0
org.jsoup.helper.Validate#notNull(java.lang.Object),13,0,0.026422764227642278,0.0,0.0,0.05724932249322493,0.016125788660841543,0.00641025641025641
"org.jsoup.parser.TokeniserState.10#read(org.jsoup.parser.Tokeniser,org.jsoup.parser.CharacterReader)",1,5,0.0020325203252032522,0.010162601626016262,0.0001175611503697832,0.004516711833785004,0.0010819875377354328,0.0
org.jsoup.parser.Tokeniser#transition(org.jsoup.parser.TokeniserState),23,0,0.0467479674796748,0.0,0.0,0.030336739178202593,0.0063996438866059414,0.0
"org.jsoup.parser.TokeniserState.52#read(org.jsoup.parser.Tokeniser,org.jsoup.parser.CharacterReader)",1,3,0.0020325203252032522,0.006097560975609756,5.431594771418924e-05,0.004516711833785004,0.0009409740000872,0.0
org.jsoup.parser.Tokeniser#read(),1,28,0.0020325203252032522,0.05691056910569106,0.002927126342067302,0.00470383275261324,0.0015239025891965806,0.0
"org.jsoup.parser.TokeniserState.1#read(org.jsoup.parser.Tokeniser,org.jsoup.parser.CharacterReader)",1,6,0.0020325203252032522,0.012195121951219513,0.00018913630222790512,0.004516711833785004,0.0012041153337343485,0.0
org.jsoup.parser.HtmlTreeBuilder#generateImpliedEndTags(),1,1,0.0020325203252032522,0.0020325203252032522,0.0,0.01093044263775971,0.0009461363282717912,0.5
org.jsoup.parser.ParseSettings#normalizeTag(java.lang.String),2,1,0.0040650406504065045,0.0020325203252032522,5.3124258330159694e-05,0.016552983326443435,0.0011519533129491426,0.0
"org.jsoup.parser.TokeniserState.49#TokeniserState.49(java.lang.String,int)",0,1,0.0,0.0020325203252032522,0.0,0.0,0.0009334197034274734,0.0
"org.jsoup.parser.TokeniserState.47#TokeniserState.47(java.lang.String,int)",0,1,0.0,0.0020325203252032522,0.0,0.0,0.0009334197034274734,0.0
org.jsoup.nodes.Element#getElementsByTag(java.lang.String),1,4,0.0020325203252032522,0.008130081300813009,2.4837315582931796e-05,0.0020325203252032522,0.0011318060097182758,0.0
org.jsoup.select.Evaluator.Tag#Evaluator.Tag(java.lang.String),2,0,0.0040650406504065045,0.0,0.0,0.005691056910569106,0.0014690574282060866,0.0
"org.jsoup.parser.CharacterReader#cacheString(char[],java.lang.String[],int,int)",6,1,0.012195121951219513,0.0020325203252032522,0.00011590747272034838,0.016260162601626015,0.004164398961340898,0.0
"org.jsoup.parser.CharacterReader#rangeEquals(char[],int,int,java.lang.String)",1,0,0.0020325203252032522,0.0,0.0,0.01345944561807823,0.004473982870636272,0.0
org.jsoup.parser.Tokeniser#emitTagPending(),4,2,0.008130081300813009,0.0040650406504065045,0.00024009405063500736,0.006752101419319278,0.001519074193475706,0.0
org.jsoup.parser.Token.Character#getData(),3,0,0.006097560975609756,0.0,0.0,0.015596919127086007,0.0015800842974536137,0.16666666666666666
org.jsoup.nodes.Comment#nodeName(),1,0,0.0020325203252032522,0.0,0.0,0.0036585365853658534,0.000988053950759065,0.0
org.jsoup.internal.Normalizer#lowerCase(java.lang.String),6,0,0.012195121951219513,0.0,0.0,0.03023591133347231,0.00944233127060225,0.0
org.jsoup.parser.TokenQueue#matches(java.lang.String),4,0,0.008130081300813009,0.0,0.0,0.010131332082551594,0.004287355879067984,0.16666666666666666
org.jsoup.parser.ParseSettings#normalizeAttributes(org.jsoup.nodes.Attributes),1,1,0.0020325203252032522,0.0020325203252032522,0.00011728732358606683,0.01205248894594209,0.0011615247244984674,0.0
org.jsoup.helper.StringUtil.1#initialValue(),2,1,0.0040650406504065045,0.0020325203252032522,0.0,0.004878048780487806,0.01584584024147252,0.0
"org.jsoup.parser.TokeniserState.44#read(org.jsoup.parser.Tokeniser,org.jsoup.parser.CharacterReader)",1,3,0.0020325203252032522,0.006097560975609756,9.12096180003154e-05,0.004516711833785004,0.0009409740000872,0.0
org.jsoup.parser.CharacterReader#matchConsume(java.lang.String),2,2,0.0040650406504065045,0.0040650406504065045,0.0002776289457352028,0.012588512981904013,0.0012127923062733295,0.08333333333333333
org.jsoup.nodes.Attributes#normalize(),1,1,0.0020325203252032522,0.0020325203252032522,1.379850865718433e-05,0.010508562532433836,0.0019209029974186177,0.0
org.jsoup.parser.Token.Character#data(java.lang.String),1,0,0.0020325203252032522,0.0,0.0,0.004516711833785004,0.00103792080722036,0.0
"org.jsoup.parser.HtmlTreeBuilderState.4#process(org.jsoup.parser.Token,org.jsoup.parser.HtmlTreeBuilder)",1,12,0.0020325203252032522,0.024390243902439025,0.0009475435894888482,0.012278650183762112,0.0014150046053795003,0.00641025641025641
org.jsoup.parser.HtmlTreeBuilder#pop(),2,0,0.0040650406504065045,0.0,0.0,0.011200033875338753,0.0011096899635247436,0.0
org.jsoup.nodes.Document#head(),0,1,0.0,0.0020325203252032522,0.0,0.0,0.0009334197034274734,0.0
org.jsoup.parser.Token#isEndTag(),4,0,0.008130081300813009,0.0,0.0,0.011946702800361336,0.001149176993079941,0.0
org.jsoup.nodes.Attributes#indexOfKeyIgnoreCase(java.lang.String),3,1,0.006097560975609756,0.0020325203252032522,2.8976868180087095e-05,0.01857125170236474,0.0034052925765217304,0.0
org.jsoup.parser.TokenQueue#consumeWhitespace(),3,1,0.006097560975609756,0.0020325203252032522,9.934926233172718e-05,0.0065040650406504065,0.0014731224302606692,0.08333333333333333
org.jsoup.parser.TokenQueue#matchesWhitespace(),1,2,0.0020325203252032522,0.0040650406504065045,6.209328895732949e-05,0.005922343706195683,0.0021858228467490854,0.0
"org.jsoup.parser.TokeniserState.23#TokeniserState.23(java.lang.String,int)",0,1,0.0,0.0020325203252032522,0.0,0.0,0.0009334197034274734,0.0
org.jsoup.nodes.Node#attr(java.lang.String),3,6,0.006097560975609756,0.012195121951219513,0.0013577732518669382,0.017643405600722674,0.001513680534796885,0.041666666666666664
org.jsoup.nodes.Element#attributes(),2,1,0.0040650406504065045,0.0020325203252032522,8.279105194310599e-06,0.016694004659344838,0.0017955519751646702,0.16666666666666666
"org.jsoup.parser.TokeniserState.41#read(org.jsoup.parser.Tokeniser,org.jsoup.parser.CharacterReader)",1,3,0.0020325203252032522,0.006097560975609756,2.9383022907788628e-05,0.004516711833785004,0.0009674140383962436,0.0
org.jsoup.parser.CharacterReader#nextIndexOf(char),1,1,0.0020325203252032522,0.0020325203252032522,2.4837315582931796e-05,0.005939182768451061,0.0015443884357075105,0.0
org.jsoup.nodes.Element#tagName(),4,1,0.008130081300813009,0.0020325203252032522,4.553507856870829e-05,0.021831538112335437,0.00426617195141611,0.0
org.jsoup.parser.Tag#getName(),2,0,0.0040650406504065045,0.0,0.0,0.03037352662683253,0.009182467732279178,0.0
"org.jsoup.parser.HtmlTreeBuilderState#handleRcData(org.jsoup.parser.Token.StartTag,org.jsoup.parser.HtmlTreeBuilder)",1,4,0.0020325203252032522,0.008130081300813009,0.0002939082343980262,0.009111891966377291,0.0017612222638437194,0.0
"org.jsoup.helper.StringUtil#in(java.lang.String,java.lang.String[])",1,0,0.0020325203252032522,0.0,0.0,0.01035515618314078,0.0010485407867954705,0.0
org.jsoup.parser.Token#asEndTag(),3,0,0.006097560975609756,0.0,0.0,0.011573409851745577,0.00120056998091976,0.0
org.jsoup.nodes.Node#getParser(),1,3,0.0020325203252032522,0.006097560975609756,0.001105260543440465,0.007483370288248336,0.0012170149848967987,0.0
org.jsoup.parser.Parser#Parser(org.jsoup.parser.TreeBuilder),2,2,0.0040650406504065045,0.0040650406504065045,0.000360141075952511,0.009140906917090562,0.0022992527529052884,0.0
org.jsoup.parser.Token#isStartTag(),5,0,0.010162601626016262,0.0,0.0,0.012502363395726978,0.0015116551562838318,0.0
org.jsoup.parser.HtmlTreeBuilder#generateImpliedEndTags(java.lang.String),2,2,0.0040650406504065045,0.0040650406504065045,1.2418657791465898e-05,0.011815420352005716,0.0017759272886796959,0.25
org.jsoup.parser.TreeBuilder#currentElement(),4,0,0.008130081300813009,0.0,0.0,0.02043124779073878,0.002421329153348274,0.16666666666666666
"org.jsoup.parser.TokeniserState.66#TokeniserState.66(java.lang.String,int)",0,1,0.0,0.0020325203252032522,0.0,0.0,0.0009334197034274734,0.0
org.jsoup.nodes.LeafNode#hasAttributes(),4,0,0.008130081300813009,0.0,0.0,0.021580583452893355,0.005035029256243947,0.16666666666666666
"org.jsoup.parser.TokeniserState.6#TokeniserState.6(java.lang.String,int)",0,1,0.0,0.0020325203252032522,0.0,0.0,0.0009334197034274734,0.0
org.jsoup.select.QueryParser#combinator(char),1,6,0.0020325203252032522,0.012195121951219513,0.00015730299869190137,0.004015466983938132,0.0009924271132653376,0.07142857142857142
org.jsoup.select.CombiningEvaluator.And#CombiningEvaluator.And(java.util.Collection),2,1,0.0040650406504065045,0.0020325203252032522,6.002351265875184e-05,0.00483933410762679,0.0011129577088839352,0.16666666666666666
org.jsoup.parser.HtmlTreeBuilder#isFragmentParsing(),1,0,0.0020325203252032522,0.0,0.0,0.01046531741913164,0.001030366590398178,0.0
"org.jsoup.parser.TokeniserState.10#TokeniserState.10(java.lang.String,int)",0,1,0.0,0.0020325203252032522,0.0,0.0,0.0009334197034274734,0.0
org.jsoup.parser.CharacterReader#advance(),2,0,0.0040650406504065045,0.0,0.0,0.00967866821525358,0.003170270786547702,0.0
"org.jsoup.helper.DataUtil#readToByteBuffer(java.io.InputStream,int)",1,3,0.0020325203252032522,0.006097560975609756,4.139552597155299e-05,0.004619364375461936,0.0011175247946951185,0.16666666666666666
org.jsoup.parser.Token#isDoctype(),6,0,0.012195121951219513,0.0,0.0,0.012800038714672862,0.0016203607976078293,0.0
"org.jsoup.parser.TokeniserState.13#TokeniserState.13(java.lang.String,int)",0,1,0.0,0.0020325203252032522,0.0,0.0,0.0009334197034274734,0.0
org.jsoup.parser.Parser#getErrors(),1,0,0.0020325203252032522,0.0,0.0,0.004516711833785004,0.001126740978819111,0.0
"org.jsoup.parser.TokeniserState.53#read(org.jsoup.parser.Tokeniser,org.jsoup.parser.CharacterReader)",1,5,0.0020325203252032522,0.010162601626016262,6.167719030818669e-05,0.004516711833785004,0.0009485282967469269,0.0
org.jsoup.nodes.Node#ownerDocument(),2,1,0.0040650406504065045,0.0020325203252032522,0.00014074478830328018,0.009749350605539251,0.002152448338513626,0.0
org.jsoup.nodes.Node#root(),1,0,0.0020325203252032522,0.0,0.0,0.009021149994108637,0.0027633991926088106,0.0
"org.jsoup.helper.DataUtil#load(java.io.InputStream,java.lang.String,java.lang.String)",1,2,0.0020325203252032522,0.0040650406504065045,0.0014571225141986653,0.0020325203252032522,0.0017269649285906832,0.0
"org.jsoup.parser.HtmlTreeBuilderState#HtmlTreeBuilderState(java.lang.String,int)",1,0,0.0020325203252032522,0.0,0.0,0.024909185262065387,0.017244094943952844,0.0
"org.jsoup.select.Collector#collect(org.jsoup.select.Evaluator,org.jsoup.nodes.Element)",2,2,0.0040650406504065045,0.0040650406504065045,0.002160846455715066,0.005807200929152148,0.0015817658039916213,0.0
org.jsoup.parser.CharacterReader#matchConsumeIgnoreCase(java.lang.String),2,1,0.0040650406504065045,0.0020325203252032522,4.967463116586359e-05,0.005134788189987163,0.001359855177935221,0.0
org.jsoup.nodes.Document#parser(org.jsoup.parser.Parser),1,0,0.0020325203252032522,0.0,0.0,0.004516711833785004,0.001126740978819111,0.0
org.jsoup.helper.StringUtil#isActuallyWhitespace(int),1,0,0.0020325203252032522,0.0,0.0,0.007052600646488392,0.0018168786045476015,0.0
"org.jsoup.parser.TokeniserState.43#read(org.jsoup.parser.Tokeniser,org.jsoup.parser.CharacterReader)",1,5,0.0020325203252032522,0.010162601626016262,0.00018995946918057096,0.004516711833785004,0.0009359378023140489,0.0
org.jsoup.parser.Tokeniser#advanceTransition(org.jsoup.parser.TokeniserState),6,1,0.012195121951219513,0.0020325203252032522,6.623284155448479e-05,0.00852992136478742,0.002026942983521793,0.0
org.jsoup.nodes.Element#preserveWhitespace(org.jsoup.nodes.Node),1,2,0.0020325203252032522,0.0040650406504065045,0.00018214031427483317,0.006784412671712924,0.001459051139285824,0.0
org.jsoup.parser.Tag#preserveWhitespace(),1,0,0.0020325203252032522,0.0,0.0,0.006400019357336431,0.0015812510075775656,0.0
org.jsoup.select.QueryParser#parse(java.lang.String),2,2,0.0040650406504065045,0.0040650406504065045,0.0010183299389002036,0.0060975609756097554,0.0015594826587548396,0.08333333333333333
"org.jsoup.nodes.Entities.EscapeMode#access.202(org.jsoup.nodes.Entities.EscapeMode,int[])",1,0,0.0020325203252032522,0.0,0.0,0.003048780487804878,0.0009336463537583006,0.0
"org.jsoup.nodes.Node#indent(java.lang.Appendable,int,org.jsoup.nodes.Document.OutputSettings)",2,2,0.0040650406504065045,0.0040650406504065045,0.00019041941946914377,0.00853335914311524,0.001314698799503495,0.0
org.jsoup.nodes.Document.OutputSettings#indentAmount(),1,0,0.0020325203252032522,0.0,0.0,0.007804878048780489,0.0014922824070496181,0.0
"org.jsoup.parser.TokeniserState.57#TokeniserState.57(java.lang.String,int)",0,1,0.0,0.0020325203252032522,0.0,0.0,0.0009334197034274734,0.0
"org.jsoup.parser.TokeniserState.9#TokeniserState.9(java.lang.String,int)",0,1,0.0,0.0020325203252032522,0.0,0.0,0.0009334197034274734,0.0
"org.jsoup.parser.TokeniserState.55#read(org.jsoup.parser.Tokeniser,org.jsoup.parser.CharacterReader)",1,2,0.0020325203252032522,0.0040650406504065045,8.685259922012135e-06,0.004516711833785004,0.0009397149506439122,0.0
"org.jsoup.parser.TokeniserState.59#read(org.jsoup.parser.Tokeniser,org.jsoup.parser.CharacterReader)",1,3,0.0020325203252032522,0.006097560975609756,2.2483768579196466e-05,0.004516711833785004,0.0009397149506439122,0.0
org.jsoup.parser.Parser#settings(),2,0,0.0040650406504065045,0.0,0.0,0.010617078220471646,0.0014103362602884365,0.0
"org.jsoup.nodes.Attributes#put(java.lang.String,java.lang.String)",1,2,0.0020325203252032522,0.0040650406504065045,0.0003766992863411322,0.007399287476020827,0.0017774386322135921,0.0
"org.jsoup.parser.TokeniserState.11#read(org.jsoup.parser.Tokeniser,org.jsoup.parser.CharacterReader)",1,3,0.0020325203252032522,0.006097560975609756,7.796157391309147e-05,0.004516711833785004,0.0009422330495304878,0.0
"org.jsoup.parser.TokeniserState.13#read(org.jsoup.parser.Tokeniser,org.jsoup.parser.CharacterReader)",1,7,0.0020325203252032522,0.014227642276422765,0.0001658559306699284,0.004516711833785004,0.0009510463956335024,0.0
"org.jsoup.parser.HtmlTreeBuilderState.6#anythingElse(org.jsoup.parser.Token,org.jsoup.parser.HtmlTreeBuilder)",1,3,0.0020325203252032522,0.006097560975609756,0.00041947466317840366,0.009742841993637327,0.0009403445377620821,0.25
org.jsoup.parser.HtmlTreeBuilder#framesetOk(boolean),3,0,0.006097560975609756,0.0,0.0,0.011573409851745577,0.0014488779340710723,0.16666666666666666
org.jsoup.parser.HtmlTreeBuilder#markInsertionMode(),1,0,0.0020325203252032522,0.0,0.0,0.008244589488148402,0.001307752601194784,0.0
org.jsoup.parser.CharacterReader#consumeTo(char),2,2,0.0040650406504065045,0.0040650406504065045,0.00010026916290887279,0.006425386834513506,0.0014372920822378363,0.0
org.jsoup.parser.Token.Tag#reset(),5,2,0.010162601626016262,0.0040650406504065045,8.693060454026126e-05,0.018970189701897018,0.003328365478892581,0.1
org.jsoup.parser.Tag#isFormListed(),1,0,0.0020325203252032522,0.0,0.0,0.011956001912960305,0.0013622840471724915,0.0
org.jsoup.parser.CharacterReader#consumeLetterSequence(),2,2,0.0040650406504065045,0.0040650406504065045,5.216967700933022e-05,0.005134788189987163,0.0011905617549443958,0.0
"org.jsoup.parser.HtmlTreeBuilderState.19#HtmlTreeBuilderState.19(java.lang.String,int)",0,1,0.0,0.0020325203252032522,0.0,0.0,0.0009334197034274734,0.0
"org.jsoup.nodes.Element#outerHtmlHead(java.lang.Appendable,int,org.jsoup.nodes.Document.OutputSettings)",1,8,0.0020325203252032522,0.016260162601626018,0.0009445079175842676,0.007970667941973536,0.001734091998925128,0.0
org.jsoup.parser.Tag#isEmpty(),1,0,0.0020325203252032522,0.0,0.0,0.0072873289708506855,0.000997518075084237,0.0
"org.jsoup.parser.TokeniserState.61#TokeniserState.61(java.lang.String,int)",0,1,0.0,0.0020325203252032522,0.0,0.0,0.0009334197034274734,0.0
org.jsoup.parser.Token.Tag#appendTagName(java.lang.String),3,1,0.006097560975609756,0.0020325203252032522,4.553507856870828e-05,0.006639566395663957,0.002129979681559981,0.0
org.jsoup.parser.Token.Comment#Token.Comment(),2,1,0.0040650406504065045,0.0020325203252032522,1.1038806925747465e-05,0.006425386834513506,0.0012841387974840343,0.0
org.jsoup.parser.Token#Token(org.jsoup.parser.Token.1),5,0,0.010162601626016262,0.0,0.0,0.013568825343425848,0.0087383893808392,0.0
"org.jsoup.parser.CharacterReader#CharacterReader(java.io.Reader,int)",2,3,0.0040650406504065045,0.006097560975609756,0.00012066795820707697,0.006929046563192904,0.0026850669706473987,0.0
org.jsoup.helper.Validate#isTrue(boolean),3,0,0.006097560975609756,0.0,0.0,0.017563406531075278,0.004842630850215964,0.0
org.jsoup.nodes.Document#outputSettings(),2,0,0.0040650406504065045,0.0,0.0,0.009459036898061289,0.0019581931425571887,0.0
"org.jsoup.parser.HtmlTreeBuilderState#access.200(org.jsoup.parser.Token.StartTag,org.jsoup.parser.HtmlTreeBuilder)",1,1,0.0020325203252032522,0.0020325203252032522,0.0002525127084264733,0.01035515618314078,0.0009737120826062724,0.0
org.jsoup.parser.TokenQueue#TokenQueue(java.lang.String),2,1,0.0040650406504065045,0.0020325203252032522,2.4837315582931796e-05,0.006869918699186992,0.0023999733592641637,0.0
org.jsoup.nodes.Node#childNode(int),3,1,0.006097560975609756,0.0020325203252032522,0.00018627986687198847,0.015866771570941518,0.001792206426656872,0.0
org.jsoup.parser.Token.Tag#normalName(),6,0,0.012195121951219513,0.0,0.0,0.013274114222623706,0.0016856272281266444,0.0
org.jsoup.nodes.Node#hasAttr(java.lang.String),3,3,0.006097560975609756,0.006097560975609756,0.0002856291292037157,0.00944138473642801,0.0023934901854584445,0.0
org.jsoup.parser.Token.Tag#isSelfClosing(),2,0,0.0040650406504065045,0.0,0.0,0.013112454133390893,0.0013329579226250942,0.0
"org.jsoup.select.Selector#select(java.lang.String,org.jsoup.nodes.Element)",1,3,0.0020325203252032522,0.006097560975609756,0.002185683771297998,0.004304160688665711,0.0017838840517793678,0.0
"org.jsoup.select.Collector.Accumulator#Collector.Accumulator(org.jsoup.nodes.Element,org.jsoup.select.Elements,org.jsoup.select.Evaluator)",1,0,0.0020325203252032522,0.0,0.0,0.0053464121597737715,0.0016058046086643606,0.0
org.jsoup.parser.Token.Tag#name(),3,1,0.006097560975609756,0.0020325203252032522,0.00012418657791465898,0.015372002459520393,0.002212428532792891,0.0
"org.jsoup.parser.TokeniserState.58#TokeniserState.58(java.lang.String,int)",0,1,0.0,0.0020325203252032522,0.0,0.0,0.0009334197034274734,0.0
"org.jsoup.parser.TokeniserState.63#TokeniserState.63(java.lang.String,int)",0,1,0.0,0.0020325203252032522,0.0,0.0,0.0009334197034274734,0.0
"org.jsoup.nodes.Entities#escape(java.lang.Appendable,java.lang.String,org.jsoup.nodes.Document.OutputSettings,boolean,boolean,boolean)",1,3,0.0020325203252032522,0.006097560975609756,0.00027321047141224975,0.006784412671712924,0.0014391924637452843,0.0
org.jsoup.nodes.Document#title(),0,4,0.0,0.008130081300813009,0.0,0.0,0.0009334197034274734,0.0
"org.jsoup.parser.TokeniserState.50#TokeniserState.50(java.lang.String,int)",0,1,0.0,0.0020325203252032522,0.0,0.0,0.0009334197034274734,0.0
"org.jsoup.parser.TokeniserState.44#TokeniserState.44(java.lang.String,int)",0,1,0.0,0.0020325203252032522,0.0,0.0,0.0009334197034274734,0.0
org.jsoup.nodes.Document#nodeName(),1,0,0.0020325203252032522,0.0,0.0,0.0036585365853658534,0.0010973224454222487,0.0
org.jsoup.parser.Token.EOF#Token.EOF(),1,1,0.0020325203252032522,0.0020325203252032522,8.279105194310599e-06,0.004391695702671313,0.0009590613215310242,0.0
org.jsoup.parser.Token.Doctype#Token.Doctype(),1,1,0.0020325203252032522,0.0020325203252032522,2.759701731436866e-06,0.004391695702671313,0.0011250015718619654,0.0
org.jsoup.parser.HtmlTreeBuilder#inScope(java.lang.String[]),1,1,0.0020325203252032522,0.0020325203252032522,9.107015713741658e-05,0.01093044263775971,0.0009461363282717912,0.0
"org.jsoup.parser.HtmlTreeBuilder#inSpecificScope(java.lang.String[],java.lang.String[],java.lang.String[])",2,2,0.0040650406504065045,0.0040650406504065045,6.209328895732949e-05,0.01214514194322271,0.0044334839602752606,0.0
"org.jsoup.parser.HtmlTreeBuilderState.5#HtmlTreeBuilderState.5(java.lang.String,int)",0,1,0.0,0.0020325203252032522,0.0,0.0,0.0009334197034274734,0.0
"org.jsoup.parser.TokeniserState.63#read(org.jsoup.parser.Tokeniser,org.jsoup.parser.CharacterReader)",1,2,0.0020325203252032522,0.0040650406504065045,8.685259922012135e-06,0.004516711833785004,0.0009963721755918628,0.0
org.jsoup.parser.TokenQueue#matchChomp(java.lang.String),2,1,0.0040650406504065045,0.0020325203252032522,4.139552597155299e-06,0.005226480836236933,0.0013956107240160548,0.3333333333333333
org.jsoup.parser.Token#asDoctype(),1,0,0.0020325203252032522,0.0,0.0,0.01024728997289973,0.0009750630731516822,0.0
"org.jsoup.parser.TokeniserState.57#read(org.jsoup.parser.Tokeniser,org.jsoup.parser.CharacterReader)",1,2,0.0020325203252032522,0.0040650406504065045,8.685259922012135e-06,0.004516711833785004,0.0011310904660236565,0.0
"org.jsoup.parser.TokeniserState.51#read(org.jsoup.parser.Tokeniser,org.jsoup.parser.CharacterReader)",1,2,0.0020325203252032522,0.0040650406504065045,8.685259922012135e-06,0.004516711833785004,0.0009409740000872,0.0
"org.jsoup.parser.HtmlTreeBuilderState.15#HtmlTreeBuilderState.15(java.lang.String,int)",0,1,0.0,0.0020325203252032522,0.0,0.0,0.0009334197034274734,0.0
"org.jsoup.select.Selector#select(org.jsoup.select.Evaluator,org.jsoup.nodes.Element)",1,2,0.0020325203252032522,0.0040650406504065045,0.0016102859602934113,0.004149728997289973,0.001438952063136242,0.0
org.jsoup.parser.Token.Comment#reset(),1,1,0.0020325203252032522,0.0020325203252032522,1.2418657791465898e-05,0.00470383275261324,0.0009385767591983825,0.0
org.jsoup.parser.Tokeniser#isAppropriateEndTagToken(),1,1,0.0020325203252032522,0.0020325203252032522,2.8976868180087088e-05,0.004391695702671313,0.0010344861466516178,0.0
org.jsoup.parser.Token#asStartTag(),5,0,0.010162601626016262,0.0,0.0,0.012954256048584582,0.0015796376878920244,0.0
org.jsoup.nodes.DocumentType#childNodeSize(),2,1,0.0040650406504065045,0.0020325203252032522,3.2426495344383164e-05,0.011307354452854874,0.00100691477891529,0.0
org.jsoup.parser.TokenQueue#remainingLength(),1,0,0.0020325203252032522,0.0,0.0,0.01164079822616408,0.005455986376888104,0.0
"org.jsoup.Jsoup#parse(java.io.File,java.lang.String,java.lang.String)",0,1,0.0,0.0020325203252032522,0.0,0.0,0.0009334197034274734,0.0
"org.jsoup.nodes.Element#outerHtmlTail(java.lang.Appendable,int,org.jsoup.nodes.Document.OutputSettings)",1,5,0.0020325203252032522,0.010162601626016262,0.00027803994944226434,0.007970667941973536,0.0013337558511763007,0.0
"org.jsoup.select.Evaluator.AttributeWithValue#Evaluator.AttributeWithValue(java.lang.String,java.lang.String)",1,1,0.0020325203252032522,0.0020325203252032522,0.00012832613051181428,0.004368401892974154,0.0009881113182103787,0.0
"org.jsoup.select.Evaluator.AttributeKeyPair#Evaluator.AttributeKeyPair(java.lang.String,java.lang.String)",1,2,0.0020325203252032522,0.0040650406504065045,9.107015713741658e-05,0.0042936991869918706,0.001773463361227079,0.0
"org.jsoup.parser.HtmlTreeBuilderState.3#HtmlTreeBuilderState.3(java.lang.String,int)",0,1,0.0,0.0020325203252032522,0.0,0.0,0.0009334197034274734,0.0
"org.jsoup.helper.Validate#notNull(java.lang.Object,java.lang.String)",1,0,0.0020325203252032522,0.0,0.0,0.004516711833785004,0.0013200622542107487,0.0
org.jsoup.helper.StringUtil#padding(int),1,0,0.0020325203252032522,0.0,0.0,0.007804878048780489,0.0014922824070496181,0.0
org.jsoup.select.QueryParser#QueryParser(java.lang.String),1,1,0.0020325203252032522,0.0020325203252032522,4.553507856870829e-05,0.005493298176225006,0.0015963472715837218,0.0
"org.jsoup.parser.TokeniserState.51#TokeniserState.51(java.lang.String,int)",0,1,0.0,0.0020325203252032522,0.0,0.0,0.0009334197034274734,0.0
org.jsoup.parser.HtmlTreeBuilder#defaultSettings(),1,0,0.0020325203252032522,0.0,0.0,0.008429807800382152,0.0019108198998628726,0.0
org.jsoup.nodes.Element#isBlock(),2,1,0.0040650406504065045,0.0020325203252032522,8.693060454026129e-05,0.008702344304996449,0.0015859774114839332,0.0
"org.jsoup.parser.TokeniserState.40#read(org.jsoup.parser.Tokeniser,org.jsoup.parser.CharacterReader)",1,5,0.0020325203252032522,0.010162601626016262,0.00010307271627973968,0.004516711833785004,0.0009346787528707609,0.0
org.jsoup.parser.Token#asComment(),1,0,0.0020325203252032522,0.0,0.0,0.01024728997289973,0.0009473008266688762,0.0
org.jsoup.parser.HtmlTreeBuilderState#isWhitespace(org.jsoup.parser.Token),1,4,0.0020325203252032522,0.008130081300813009,0.00023761031907671418,0.011591403042743299,0.002649652830235514,0.0
"org.jsoup.parser.TokeniserState.64#TokeniserState.64(java.lang.String,int)",0,1,0.0,0.0020325203252032522,0.0,0.0,0.0009334197034274734,0.0
"org.jsoup.parser.TokeniserState.38#read(org.jsoup.parser.Tokeniser,org.jsoup.parser.CharacterReader)",1,4,0.0020325203252032522,0.008130081300813009,8.237495329396319e-05,0.004516711833785004,0.0009674140383962436,0.0
org.jsoup.parser.HtmlTreeBuilder#popStackToClose(java.lang.String),1,1,0.0020325203252032522,0.0020325203252032522,0.0,0.01093044263775971,0.000971569577960427,0.5
"org.jsoup.parser.TokeniserState.45#TokeniserState.45(java.lang.String,int)",0,1,0.0,0.0020325203252032522,0.0,0.0,0.0009334197034274734,0.0
"org.jsoup.parser.TokeniserState.3#TokeniserState.3(java.lang.String,int)",0,1,0.0,0.0020325203252032522,0.0,0.0,0.0009334197034274734,0.0
org.jsoup.select.CombiningEvaluator#CombiningEvaluator(java.util.Collection),1,2,0.0020325203252032522,0.0040650406504065045,2.6907091881509445e-05,0.0046402822518791225,0.001879607968766656,0.0
org.jsoup.select.CombiningEvaluator#CombiningEvaluator(),2,0,0.0040650406504065045,0.0,0.0,0.005420054200542005,0.0018529506725689078,0.0
org.jsoup.nodes.Attributes#indexOfKey(java.lang.String),1,1,0.0020325203252032522,0.0020325203252032522,4.139552597155299e-05,0.006793887383318278,0.0016890037525445283,0.0
org.jsoup.nodes.Node#nextSibling(),2,1,0.0040650406504065045,0.0020325203252032522,9.934926233172718e-05,0.009795278675678323,0.002134724575937749,0.16666666666666666
"org.jsoup.parser.TokeniserState.62#TokeniserState.62(java.lang.String,int)",0,1,0.0,0.0020325203252032522,0.0,0.0,0.0009334197034274734,0.0
org.jsoup.parser.CharacterReader#consumeData(),1,2,0.0020325203252032522,0.0040650406504065045,2.6084838504665105e-05,0.004391695702671313,0.0010833245477251553,0.0
org.jsoup.internal.ConstrainableInputStream#readToByteBuffer(int),1,2,0.0020325203252032522,0.0040650406504065045,8.279105194310599e-06,0.004304160688665711,0.0012501106414048377,0.16666666666666666
"org.jsoup.parser.TokeniserState.32#TokeniserState.32(java.lang.String,int)",0,1,0.0,0.0020325203252032522,0.0,0.0,0.0009334197034274734,0.0
org.jsoup.parser.HtmlTreeBuilder#HtmlTreeBuilder(),2,1,0.0040650406504065045,0.0020325203252032522,0.0005464209428244995,0.009140906917090562,0.0022992527529052884,0.0
"org.jsoup.parser.TokeniserState.56#read(org.jsoup.parser.Tokeniser,org.jsoup.parser.CharacterReader)",1,2,0.0020325203252032522,0.0040650406504065045,8.685259922012135e-06,0.004516711833785004,0.0009397149506439122,0.0
org.jsoup.nodes.Comment#childNodeSize(),2,1,0.0040650406504065045,0.0020325203252032522,3.2426495344383164e-05,0.011307354452854874,0.000990149598331979,0.0
org.jsoup.parser.HtmlTreeBuilderState#isWhitespace(java.lang.String),1,1,0.0020325203252032522,0.0020325203252032522,8.279105194310599e-05,0.010081946057555812,0.0012764022298332903,0.0
"org.jsoup.parser.TokeniserState.7#TokeniserState.7(java.lang.String,int)",0,1,0.0,0.0020325203252032522,0.0,0.0,0.0009334197034274734,0.0
"org.jsoup.parser.HtmlTreeBuilderState.12#HtmlTreeBuilderState.12(java.lang.String,int)",0,1,0.0,0.0020325203252032522,0.0,0.0,0.0009334197034274734,0.0
org.jsoup.parser.HtmlTreeBuilder#insert(org.jsoup.parser.Token.Comment),1,3,0.0020325203252032522,0.006097560975609756,0.0003166757736823804,0.01024728997289973,0.0009473008266688762,0.0
org.jsoup.parser.Token.Comment#getData(),1,0,0.0020325203252032522,0.0,0.0,0.009035321445651431,0.0012018686786577717,0.0
org.jsoup.helper.StringUtil#stringBuilder(),2,1,0.0040650406504065045,0.0020325203252032522,2.0697762985776496e-05,0.005645889792231256,0.0019249977519591812,0.0
org.jsoup.helper.DataUtil.BomCharset#access.000(org.jsoup.helper.DataUtil.BomCharset),1,0,0.0020325203252032522,0.0,0.0,0.004619364375461936,0.0010505774887796112,0.0
org.jsoup.nodes.DocumentType#nodeName(),2,0,0.0040650406504065045,0.0,0.0,0.009712213599408721,0.0011454375805684217,0.0
org.jsoup.nodes.Element#tag(),1,0,0.0020325203252032522,0.0,0.0,0.011956001912960305,0.0013622840471724915,0.0
"org.jsoup.helper.DataUtil.BomCharset#DataUtil.BomCharset(java.lang.String,boolean)",1,0,0.0020325203252032522,0.0,0.0,0.004304160688665711,0.0018834925173595658,0.0
"org.jsoup.internal.ConstrainableInputStream#ConstrainableInputStream(java.io.InputStream,int,int)",1,1,0.0020325203252032522,0.0020325203252032522,2.8976868180087095e-05,0.005241762943945228,0.002152739651218726,0.0
"org.jsoup.nodes.Entities.EscapeMode#access.402(org.jsoup.nodes.Entities.EscapeMode,java.lang.String[])",1,0,0.0020325203252032522,0.0,0.0,0.003048780487804878,0.0009336463537583006,0.0
"org.jsoup.nodes.DocumentType#DocumentType(java.lang.String,java.lang.String,java.lang.String)",1,3,0.0020325203252032522,0.006097560975609756,0.0018631436314363145,0.01024728997289973,0.0009750630731516822,0.0
org.jsoup.parser.HtmlTreeBuilder#isFosterInserts(),1,0,0.0020325203252032522,0.0,0.0,0.011956001912960305,0.0012879475609233549,0.0
org.jsoup.nodes.Element#toString(),0,1,0.0,0.0020325203252032522,0.0,0.0,0.0009334197034274734,0.0
org.jsoup.nodes.Document#outerHtml(),1,1,0.0020325203252032522,0.0020325203252032522,0.00033944331296673454,0.0020325203252032522,0.0017269649285906832,0.0
org.jsoup.nodes.Node#setSiblingIndex(int),1,0,0.0020325203252032522,0.0,0.0,0.015057242409158787,0.0012008564692361796,0.0
"org.jsoup.parser.TokeniserState.8#TokeniserState.8(java.lang.String,int)",0,1,0.0,0.0020325203252032522,0.0,0.0,0.0009334197034274734,0.0
org.jsoup.nodes.Node#reparentChild(org.jsoup.nodes.Node),1,1,0.0020325203252032522,0.0020325203252032522,0.00013660523570612488,0.015057242409158787,0.0012008564692361796,0.0
org.jsoup.nodes.Node#setParentNode(org.jsoup.nodes.Node),1,1,0.0020325203252032522,0.0020325203252032522,4.139552597155299e-06,0.012981179535552261,0.001954341318591706,0.0
"org.jsoup.helper.Validate#isTrue(boolean,java.lang.String)",3,0,0.006097560975609756,0.0,0.0,0.008468834688346884,0.0016046014114097882,0.16666666666666666
org.jsoup.nodes.Attributes#checkCapacity(int),1,2,0.0020325203252032522,0.0040650406504065045,0.00028976868180087095,0.011241685144124169,0.002766124970800403,0.0
"org.jsoup.nodes.Attributes#copyOf(java.lang.String[],int)",1,0,0.0020325203252032522,0.0,0.0,0.010323912762937152,0.001967166002446048,0.0
org.jsoup.select.CombiningEvaluator#updateNumEvaluators(),2,0,0.0040650406504065045,0.0,0.0,0.005284552845528456,0.002730913494131519,0.0
org.jsoup.parser.Token.StartTag#Token.StartTag(),2,2,0.0040650406504065045,0.0040650406504065045,0.00015109366979616844,0.010396431397942298,0.002352773223679958,0.0
org.jsoup.nodes.Attributes#Attributes(),3,0,0.006097560975609756,0.0,0.0,0.026407048864303076,0.0030396517354211285,0.0
org.jsoup.parser.Token.Tag#finaliseTag(),1,1,0.0020325203252032522,0.0020325203252032522,0.00018627986687198847,0.006179960448253132,0.0015791529814583312,0.0
org.jsoup.parser.TreeBuilder#TreeBuilder(),1,2,0.0020325203252032522,0.0040650406504065045,0.0004470716804927723,0.008429807800382152,0.002888220096298272,0.0
org.jsoup.parser.Token.EndTag#Token.EndTag(),3,1,0.006097560975609756,0.0020325203252032522,0.0001552332223933237,0.010877747666365553,0.0032384975523336193,0.0
org.jsoup.parser.TokenQueue#remainder(),1,0,0.0020325203252032522,0.0,0.0,0.004368401892974154,0.0009881113182103787,0.0
org.jsoup.parser.HtmlTreeBuilder#setHeadElement(org.jsoup.nodes.Element),1,0,0.0020325203252032522,0.0,0.0,0.01024728997289973,0.0010013057842815074,0.0
"org.jsoup.parser.HtmlTreeBuilderState.18#HtmlTreeBuilderState.18(java.lang.String,int)",0,1,0.0,0.0020325203252032522,0.0,0.0,0.0009334197034274734,0.0
org.jsoup.nodes.Element#html(java.lang.StringBuilder),1,1,0.0020325203252032522,0.0020325203252032522,0.0009065620187770105,0.003048780487804878,0.0014438929110332165,0.0
org.jsoup.parser.Token.Tag#appendAttributeValue(java.lang.String),2,1,0.0040650406504065045,0.0020325203252032522,4.967463116586359e-05,0.005134788189987163,0.0012979546924922118,0.0
org.jsoup.parser.Token.Tag#ensureAttributeValue(),1,0,0.0020325203252032522,0.0,0.0,0.004907084785133566,0.002036888058509567,0.0
org.jsoup.parser.TokenQueue#matchesWord(),2,1,0.0040650406504065045,0.0020325203252032522,4.139552597155299e-06,0.005922343706195683,0.001611908078239462,0.16666666666666666
"org.jsoup.parser.TokeniserState.28#TokeniserState.28(java.lang.String,int)",0,1,0.0,0.0020325203252032522,0.0,0.0,0.0009334197034274734,0.0
org.jsoup.parser.Tokeniser#emit(java.lang.String),2,0,0.0040650406504065045,0.0,0.0,0.005134788189987163,0.0012450308568837862,0.0
"org.jsoup.parser.HtmlTreeBuilder#process(org.jsoup.parser.Token,org.jsoup.parser.HtmlTreeBuilderState)",2,1,0.0040650406504065045,0.0020325203252032522,0.0011425165168148627,0.010422575155984118,0.0010264185271278777,0.0
"org.jsoup.parser.HtmlTreeBuilderState.22#HtmlTreeBuilderState.22(java.lang.String,int)",0,1,0.0,0.0020325203252032522,0.0,0.0,0.0009334197034274734,0.0
"org.jsoup.nodes.Entities#canEncode(org.jsoup.nodes.Entities.CoreCharset,char,java.nio.charset.CharsetEncoder)",1,0,0.0020325203252032522,0.0,0.0,0.006400019357336431,0.00180738305517298,0.0
org.jsoup.parser.CharacterReader#matches(char),2,1,0.0040650406504065045,0.0020325203252032522,1.6558210388621197e-05,0.005134788189987163,0.0013602119950930768,0.16666666666666666
org.jsoup.parser.CharacterReader#matches(java.lang.String),1,1,0.0020325203252032522,0.0020325203252032522,0.0,0.010765467824169766,0.0014489519051473362,0.5
"org.jsoup.nodes.Element.1#tail(org.jsoup.nodes.Node,int)",1,3,0.0020325203252032522,0.006097560975609756,0.00011797724901892603,0.008948046797541147,0.0011890887073229667,0.08333333333333333
org.jsoup.nodes.LeafNode#ensureAttributes(),2,2,0.0040650406504065045,0.0040650406504065045,0.00016420225302049354,0.018475315187934487,0.002819768082934854,0.08333333333333333
org.jsoup.parser.Token.Doctype#getPubSysKey(),1,0,0.0020325203252032522,0.0,0.0,0.01024728997289973,0.0009750630731516822,0.0
"org.jsoup.parser.HtmlTreeBuilder#initialiseParse(java.io.Reader,java.lang.String,org.jsoup.parser.Parser)",1,2,0.0020325203252032522,0.0040650406504065045,0.0006301778903736084,0.005003126954346467,0.0020834904369773114,0.0
org.jsoup.nodes.Element#select(java.lang.String),1,1,0.0020325203252032522,0.0020325203252032522,0.0017593098537910022,0.004619364375461936,0.0010003670093429807,0.0
"org.jsoup.parser.TokeniserState.20#TokeniserState.20(java.lang.String,int)",0,1,0.0,0.0020325203252032522,0.0,0.0,0.0009334197034274734,0.0
"org.jsoup.parser.TokeniserState.29#TokeniserState.29(java.lang.String,int)",0,1,0.0,0.0020325203252032522,0.0,0.0,0.0009334197034274734,0.0
org.jsoup.parser.Token.EOF#reset(),1,0,0.0020325203252032522,0.0,0.0,0.00470383275261324,0.0009669405659383833,0.0
org.jsoup.parser.TokenQueue#consumeToAny(java.lang.String[]),1,2,0.0020325203252032522,0.0040650406504065045,6.209328895732949e-06,0.004368401892974154,0.0010428029329932838,0.16666666666666666
org.jsoup.parser.HtmlTreeBuilderState#access.400(),1,0,0.0020325203252032522,0.0,0.0,0.01093044263775971,0.0010796608891371286,0.0
org.jsoup.nodes.Attributes#hasKeyIgnoreCase(java.lang.String),1,1,0.0020325203252032522,0.0020325203252032522,6.761269242020321e-05,0.008525672505047198,0.001611712011338147,0.0
"org.jsoup.select.Evaluator.Tag#matches(org.jsoup.nodes.Element,org.jsoup.nodes.Element)",2,1,0.0040650406504065045,0.0020325203252032522,4.415522770298985e-05,0.009368950832365467,0.0030997971703816637,0.0
org.jsoup.parser.Tokeniser#createDoctypePending(),1,1,0.0020325203252032522,0.0020325203252032522,1.2418657791465898e-05,0.004391695702671313,0.0012000756814290116,0.0
org.jsoup.nodes.Node#parentNode(),1,0,0.0020325203252032522,0.0,0.0,0.008948046797541147,0.0011471757558646893,0.0
"org.jsoup.nodes.Element#appendNormalisedText(java.lang.StringBuilder,org.jsoup.nodes.TextNode)",1,4,0.0020325203252032522,0.008130081300813009,0.0009976321759144272,0.0072873289708506855,0.0021919254399940568,0.0
"org.jsoup.parser.TokeniserState.59#TokeniserState.59(java.lang.String,int)",0,1,0.0,0.0020325203252032522,0.0,0.0,0.0009334197034274734,0.0
org.jsoup.parser.HtmlTreeBuilder#reconstructFormattingElements(),1,1,0.0020325203252032522,0.0020325203252032522,9.107015713741658e-05,0.01093044263775971,0.0010796608891371286,0.0
"org.jsoup.nodes.Entities.EscapeMode#access.102(org.jsoup.nodes.Entities.EscapeMode,java.lang.String[])",1,0,0.0020325203252032522,0.0,0.0,0.003048780487804878,0.0009336463537583006,0.0
org.jsoup.parser.HtmlTreeBuilder#inButtonScope(java.lang.String),1,1,0.0020325203252032522,0.0020325203252032522,9.107015713741658e-05,0.01093044263775971,0.0010097194524933805,0.0
"org.jsoup.parser.HtmlTreeBuilderState.4#anythingElse(org.jsoup.parser.Token,org.jsoup.parser.TreeBuilder)",1,2,0.0020325203252032522,0.0040650406504065045,0.00040774593081979694,0.009742841993637327,0.0009391757575958732,0.3333333333333333
org.jsoup.nodes.Document#body(),0,1,0.0,0.0020325203252032522,0.0,0.0,0.0009334197034274734,0.0
org.jsoup.nodes.Document.OutputSettings#prettyPrint(),3,0,0.006097560975609756,0.0,0.0,0.009686515784076758,0.0019837623693188676,0.0
"org.jsoup.parser.HtmlTreeBuilderState.1#HtmlTreeBuilderState.1(java.lang.String,int)",0,1,0.0,0.0020325203252032522,0.0,0.0,0.0009334197034274734,0.0
"org.jsoup.parser.TokeniserState.46#TokeniserState.46(java.lang.String,int)",0,1,0.0,0.0020325203252032522,0.0,0.0,0.0009334197034274734,0.0
org.jsoup.parser.TokenQueue#consumeElementSelector(),1,3,0.0020325203252032522,0.006097560975609756,2.2767539284354146e-05,0.004368401892974154,0.0012285050077431045,0.08333333333333333
org.jsoup.select.CombiningEvaluator.Or#add(org.jsoup.select.Evaluator),1,1,0.0020325203252032522,0.0020325203252032522,2.2767539284354146e-05,0.003985333970986768,0.0011744808946646686,0.0
org.jsoup.nodes.TextNode#lastCharIsWhitespace(java.lang.StringBuilder),3,0,0.006097560975609756,0.0,0.0,0.010143426905967173,0.0017737882493759013,0.0
"org.jsoup.parser.TokeniserState.33#TokeniserState.33(java.lang.String,int)",0,1,0.0,0.0020325203252032522,0.0,0.0,0.0009334197034274734,0.0
org.jsoup.parser.Tokeniser#createTempBuffer(),1,1,0.0020325203252032522,0.0020325203252032522,6.209328895732949e-06,0.004391695702671313,0.0012004324985868675,0.0
org.jsoup.nodes.Document.OutputSettings#escapeMode(),1,0,0.0020325203252032522,0.0,0.0,0.006400019357336431,0.0011082123737765747,0.0
"org.jsoup.parser.TokeniserState.35#TokeniserState.35(java.lang.String,int)",0,1,0.0,0.0020325203252032522,0.0,0.0,0.0009334197034274734,0.0
org.jsoup.nodes.Document.OutputSettings#charset(java.lang.String),1,1,0.0020325203252032522,0.0020325203252032522,2.0697762985776496e-05,0.004619364375461936,0.0010840511417373648,0.0
org.jsoup.parser.CharacterReader#isEmptyNoBufferUp(),2,0,0.0040650406504065045,0.0,0.0,0.02232327408019843,0.004792554220298645,0.0
org.jsoup.nodes.Document.OutputSettings#charset(java.nio.charset.Charset),2,0,0.0040650406504065045,0.0,0.0,0.0078067257945306735,0.002920060760057903,0.0
org.jsoup.parser.HtmlTreeBuilder#lastFormattingElement(),1,0,0.0020325203252032522,0.0,0.0,0.009515073026836462,0.001851308512485364,0.0
org.jsoup.select.Elements#first(),1,0,0.0020325203252032522,0.0,0.0,0.0020325203252032522,0.0011318060097182758,0.0
org.jsoup.nodes.DocumentType#attr(java.lang.String),1,1,0.0020325203252032522,0.0020325203252032522,0.0006167933369761396,0.008186935016203309,0.001375177214933412,0.0
org.jsoup.nodes.LeafNode#attr(java.lang.String),2,4,0.0040650406504065045,0.008130081300813009,0.0008444687298196811,0.012902362565945407,0.0036818424551558425,0.06666666666666667
org.jsoup.nodes.LeafNode#attributes(),2,1,0.0040650406504065045,0.0020325203252032522,0.000277350024009405,0.018575147987129417,0.001354894957766691,0.0
"org.jsoup.parser.TokeniserState.16#TokeniserState.16(java.lang.String,int)",0,1,0.0,0.0020325203252032522,0.0,0.0,0.0009334197034274734,0.0
org.jsoup.parser.Tag#isBlock(),1,0,0.0020325203252032522,0.0,0.0,0.007869918699186991,0.002281761446682175,0.0
org.jsoup.nodes.Comment#Comment(java.lang.String),1,0,0.0020325203252032522,0.0,0.0,0.009035321445651431,0.0012018686786577717,0.0
"org.jsoup.parser.TokeniserState.67#TokeniserState.67(java.lang.String,int)",0,1,0.0,0.0020325203252032522,0.0,0.0,0.0009334197034274734,0.0
org.jsoup.parser.HtmlTreeBuilder#getDocument(),1,0,0.0020325203252032522,0.0,0.0,0.01024728997289973,0.0009750630731516822,0.0
"org.jsoup.Jsoup#parse(java.io.InputStream,java.lang.String,java.lang.String)",0,1,0.0,0.0020325203252032522,0.0,0.0,0.0009334197034274734,0.0
org.jsoup.parser.CharacterReader#matchesIgnoreCase(java.lang.String),1,1,0.0020325203252032522,0.0020325203252032522,1.2418657791465898e-05,0.004907084785133566,0.0020895135618965313,0.0
"org.jsoup.parser.TokeniserState.4#TokeniserState.4(java.lang.String,int)",0,1,0.0,0.0020325203252032522,0.0,0.0,0.0009334197034274734,0.0
"org.jsoup.parser.HtmlTreeBuilder#inScope(java.lang.String,java.lang.String[])",2,1,0.0040650406504065045,0.0020325203252032522,0.00013246568310896958,0.010269576379974325,0.0026313381307035,0.0
"org.jsoup.parser.TokeniserState.54#TokeniserState.54(java.lang.String,int)",0,1,0.0,0.0020325203252032522,0.0,0.0,0.0009334197034274734,0.0
org.jsoup.helper.DataUtil#validateCharset(java.lang.String),2,0,0.0040650406504065045,0.0,0.0,0.006097560975609756,0.0018366015768977039,0.5
org.jsoup.nodes.Element#hasAttributes(),2,0,0.0040650406504065045,0.0,0.0,0.017179215270413575,0.002643849943280608,0.5
"org.jsoup.parser.TokeniserState.41#TokeniserState.41(java.lang.String,int)",0,1,0.0,0.0020325203252032522,0.0,0.0,0.0009334197034274734,0.0
org.jsoup.parser.HtmlTreeBuilder#inScope(java.lang.String),1,1,0.0020325203252032522,0.0020325203252032522,9.107015713741658e-05,0.01093044263775971,0.000987465359015824,0.0
org.jsoup.internal.ConstrainableInputStream#expired(),1,0,0.0020325203252032522,0.0,0.0,0.0376408289305445,0.015179057135369494,0.0
"org.jsoup.helper.Validate#notEmpty(java.lang.String,java.lang.String)",1,0,0.0020325203252032522,0.0,0.0,0.004619364375461936,0.0010505774887796112,0.0
org.jsoup.helper.DataUtil.BomCharset#access.100(org.jsoup.helper.DataUtil.BomCharset),1,0,0.0020325203252032522,0.0,0.0,0.004619364375461936,0.0010505774887796112,0.0
"org.jsoup.internal.ConstrainableInputStream#wrap(java.io.InputStream,int,int)",2,1,0.0040650406504065045,0.0020325203252032522,4.967463116586359e-05,0.006097560975609756,0.0014342157326724828,0.16666666666666666
"org.jsoup.nodes.Entities.EscapeMode#access.302(org.jsoup.nodes.Entities.EscapeMode,int[])",1,0,0.0020325203252032522,0.0,0.0,0.003048780487804878,0.0009336463537583006,0.0
"org.jsoup.nodes.Node.OuterHtmlVisitor#tail(org.jsoup.nodes.Node,int)",1,2,0.0020325203252032522,0.0040650406504065045,0.0004436220533284762,0.008948046797541147,0.0009418022937191289,0.0
"org.jsoup.parser.Parser#parseInput(java.io.Reader,java.lang.String)",1,1,0.0020325203252032522,0.0020325203252032522,0.00224570728395675,0.004619364375461936,0.0010840511417373648,0.0
org.jsoup.nodes.Attributes#getIgnoreCase(java.lang.String),1,2,0.0020325203252032522,0.0040650406504065045,0.00028838883093515254,0.015594647096913447,0.001255139640123889,0.0
"org.jsoup.parser.HtmlTreeBuilderState.11#HtmlTreeBuilderState.11(java.lang.String,int)",0,1,0.0,0.0020325203252032522,0.0,0.0,0.0009334197034274734,0.0
"org.jsoup.parser.HtmlTreeBuilder#inSpecificScope(java.lang.String,java.lang.String[],java.lang.String[])",1,1,0.0020325203252032522,0.0020325203252032522,4.967463116586359e-05,0.009139030239223255,0.003170507808922088,0.0
org.jsoup.parser.Token.Doctype#getName(),1,0,0.0020325203252032522,0.0,0.0,0.01024728997289973,0.0009750630731516822,0.0
org.jsoup.nodes.DocumentType#has(java.lang.String),1,2,0.0020325203252032522,0.0040650406504065045,0.0007699567830708857,0.009035321445651431,0.0010392431493950816,0.0
"org.jsoup.parser.TokeniserState.60#TokeniserState.60(java.lang.String,int)",0,1,0.0,0.0020325203252032522,0.0,0.0,0.0009334197034274734,0.0
"org.jsoup.parser.TokeniserState.14#TokeniserState.14(java.lang.String,int)",0,1,0.0,0.0020325203252032522,0.0,0.0,0.0009334197034274734,0.0
org.jsoup.nodes.LeafNode#coreValue(),1,2,0.0020325203252032522,0.0040650406504065045,0.0004263739175069958,0.006400019357336431,0.0021738694164875933,0.0
org.jsoup.nodes.TextNode#attr(java.lang.String),1,1,0.0020325203252032522,0.0020325203252032522,0.00030632689218949215,0.006097560975609756,0.0018575013592713391,0.0
"org.jsoup.parser.TokeniserState.56#TokeniserState.56(java.lang.String,int)",0,1,0.0,0.0020325203252032522,0.0,0.0,0.0009334197034274734,0.0
org.jsoup.nodes.TextNode#TextNode(java.lang.String),1,0,0.0020325203252032522,0.0,0.0,0.01074065786529425,0.0010908605853381418,0.0
org.jsoup.nodes.TextNode#getWholeText(),1,1,0.0020325203252032522,0.0020325203252032522,0.0004594903382842382,0.006784412671712924,0.001459051139285824,0.0
"org.jsoup.parser.TokeniserState.18#TokeniserState.18(java.lang.String,int)",0,1,0.0,0.0020325203252032522,0.0,0.0,0.0009334197034274734,0.0
org.jsoup.helper.ChangeNotifyingArrayList#ChangeNotifyingArrayList(int),1,0,0.0020325203252032522,0.0,0.0,0.02029166331267273,0.0050087898411750095,0.0
"org.jsoup.select.Collector.Accumulator#head(org.jsoup.nodes.Node,int)",1,2,0.0020325203252032522,0.0040650406504065045,0.0011535553237406102,0.008948046797541147,0.0012079495354791916,0.0
"org.jsoup.select.CombiningEvaluator.Or#matches(org.jsoup.nodes.Element,org.jsoup.nodes.Element)",1,1,0.0020325203252032522,0.0020325203252032522,0.0010431672544831353,0.007970667941973536,0.001275738629632899,0.0
"org.jsoup.nodes.Entities.EscapeMode#Entities.EscapeMode(java.lang.String,int,java.lang.String,int)",0,1,0.0,0.0020325203252032522,0.0,0.0,0.0009334197034274734,0.0
"org.jsoup.nodes.Entities#access.000(org.jsoup.nodes.Entities.EscapeMode,java.lang.String,int)",1,1,0.0020325203252032522,0.0020325203252032522,0.00010762836752603778,0.0020325203252032522,0.0017269649285906832,0.0
"org.jsoup.parser.TokeniserState.65#TokeniserState.65(java.lang.String,int)",0,1,0.0,0.0020325203252032522,0.0,0.0,0.0009334197034274734,0.0
org.jsoup.nodes.Element.NodeList#onContentsChanged(),1,1,0.0020325203252032522,0.0020325203252032522,0.00014074478830328018,0.012981179535552261,0.001954341318591706,0.0
org.jsoup.nodes.Element#nodelistChanged(),1,0,0.0020325203252032522,0.0,0.0,0.011527024992472146,0.0025949569463341146,0.0
"org.jsoup.parser.TokeniserState.52#TokeniserState.52(java.lang.String,int)",0,1,0.0,0.0020325203252032522,0.0,0.0,0.0009334197034274734,0.0
"org.jsoup.select.Evaluator.Attribute#matches(org.jsoup.nodes.Element,org.jsoup.nodes.Element)",1,1,0.0020325203252032522,0.0020325203252032522,0.00013660523570612488,0.006784412671712924,0.0009724128511786139,0.0
"org.jsoup.parser.TokeniserState#TokeniserState(java.lang.String,int)",1,0,0.0020325203252032522,0.0,0.0,0.06961758506473953,0.046929039321167466,0.0
"org.jsoup.nodes.Node.OuterHtmlVisitor#head(org.jsoup.nodes.Node,int)",1,1,0.0020325203252032522,0.0020325203252032522,0.0009569265753757336,0.008948046797541147,0.0009418022937191289,0.0
"org.jsoup.parser.TokeniserState.27#TokeniserState.27(java.lang.String,int)",0,1,0.0,0.0020325203252032522,0.0,0.0,0.0009334197034274734,0.0
org.jsoup.parser.ParseErrorList#canAddError(),1,0,0.0020325203252032522,0.0,0.0,0.004304160688665711,0.0019521543292537805,0.0
"org.jsoup.parser.HtmlTreeBuilderState.16#HtmlTreeBuilderState.16(java.lang.String,int)",0,1,0.0,0.0020325203252032522,0.0,0.0,0.0009334197034274734,0.0
org.jsoup.internal.Normalizer#normalize(java.lang.String),2,1,0.0040650406504065045,0.0020325203252032522,4.553507856870829e-05,0.005364177353113737,0.0019278429877648809,0.0
"org.jsoup.parser.TokeniserState.22#TokeniserState.22(java.lang.String,int)",0,1,0.0,0.0020325203252032522,0.0,0.0,0.0009334197034274734,0.0
"org.jsoup.parser.HtmlTreeBuilderState.13#HtmlTreeBuilderState.13(java.lang.String,int)",0,1,0.0,0.0020325203252032522,0.0,0.0,0.0009334197034274734,0.0
org.jsoup.nodes.Document.OutputSettings#syntax(),2,0,0.0040650406504065045,0.0,0.0,0.00853335914311524,0.0022210667675279464,0.0
org.jsoup.nodes.TextNode#nodeName(),2,0,0.0040650406504065045,0.0,0.0,0.013152333358195966,0.0028139814490886613,0.0
org.jsoup.parser.Token.Tag#Token.Tag(),2,1,0.0040650406504065045,0.0020325203252032522,0.00013660523570612488,0.010452961672473867,0.004687092848840576,0.0
org.jsoup.parser.Token.Doctype#getPublicIdentifier(),1,0,0.0020325203252032522,0.0,0.0,0.01024728997289973,0.0009750630731516822,0.0
"org.jsoup.parser.TokeniserState.31#TokeniserState.31(java.lang.String,int)",0,1,0.0,0.0020325203252032522,0.0,0.0,0.0009334197034274734,0.0
"org.jsoup.parser.TokeniserState.48#TokeniserState.48(java.lang.String,int)",0,1,0.0,0.0020325203252032522,0.0,0.0,0.0009334197034274734,0.0
org.jsoup.parser.Tag#Tag(java.lang.String),1,0,0.0020325203252032522,0.0,0.0,0.01375529600366426,0.0010686887103314136,0.0
"org.jsoup.parser.HtmlTreeBuilderState.6#HtmlTreeBuilderState.6(java.lang.String,int)",0,1,0.0,0.0020325203252032522,0.0,0.0,0.0009334197034274734,0.0
"org.jsoup.parser.HtmlTreeBuilderState.21#HtmlTreeBuilderState.21(java.lang.String,int)",0,1,0.0,0.0020325203252032522,0.0,0.0,0.0009334197034274734,0.0
org.jsoup.nodes.Entities.EscapeMode#access.100(org.jsoup.nodes.Entities.EscapeMode),1,0,0.0020325203252032522,0.0,0.0,0.003048780487804878,0.0011022741998937976,0.0
org.jsoup.nodes.TextNode#childNodeSize(),1,1,0.0020325203252032522,0.0020325203252032522,2.621716644865022e-05,0.008948046797541147,0.00120166259276045,0.0
"org.jsoup.parser.HtmlTreeBuilderState.7#HtmlTreeBuilderState.7(java.lang.String,int)",0,1,0.0,0.0020325203252032522,0.0,0.0,0.0009334197034274734,0.0
"org.jsoup.parser.TokeniserState.1#TokeniserState.1(java.lang.String,int)",0,1,0.0,0.0020325203252032522,0.0,0.0,0.0009334197034274734,0.0
org.jsoup.helper.Validate#isFalse(boolean),1,0,0.0020325203252032522,0.0,0.0,0.013021680216802167,0.0028143769365622574,0.0
"org.jsoup.parser.TokeniserState.39#TokeniserState.39(java.lang.String,int)",0,1,0.0,0.0020325203252032522,0.0,0.0,0.0009334197034274734,0.0
org.jsoup.nodes.Document.OutputSettings#encoder(),1,0,0.0020325203252032522,0.0,0.0,0.006400019357336431,0.0011082123737765747,0.0
org.jsoup.nodes.LeafNode#childNodeSize(),3,0,0.006097560975609756,0.0,0.0,0.01134218931475029,0.0036528466516424114,0.0
"org.jsoup.parser.TokeniserState.26#TokeniserState.26(java.lang.String,int)",0,1,0.0,0.0020325203252032522,0.0,0.0,0.0009334197034274734,0.0
"org.jsoup.parser.TokeniserState.25#TokeniserState.25(java.lang.String,int)",0,1,0.0,0.0020325203252032522,0.0,0.0,0.0009334197034274734,0.0
"org.jsoup.parser.TokeniserState.11#TokeniserState.11(java.lang.String,int)",0,1,0.0,0.0020325203252032522,0.0,0.0,0.0009334197034274734,0.0
org.jsoup.parser.Token.Character#reset(),1,0,0.0020325203252032522,0.0,0.0,0.00470383275261324,0.0011474375179202066,0.0
"org.jsoup.parser.Parser#parseInput(java.lang.String,java.lang.String)",1,1,0.0020325203252032522,0.0020325203252032522,0.00224570728395675,0.004619364375461936,0.0010003670093429807,0.0
org.jsoup.helper.StringUtil#isInvisibleChar(int),1,0,0.0020325203252032522,0.0,0.0,0.007052600646488392,0.0015978814492632618,0.0
"org.jsoup.parser.TokeniserState.12#TokeniserState.12(java.lang.String,int)",0,1,0.0,0.0020325203252032522,0.0,0.0,0.0009334197034274734,0.0
org.jsoup.parser.ParseErrorList#noTracking(),1,1,0.0020325203252032522,0.0020325203252032522,0.00012418657791465898,0.008429807800382152,0.0019108198998628726,0.0
"org.jsoup.parser.TokeniserState.38#TokeniserState.38(java.lang.String,int)",0,1,0.0,0.0020325203252032522,0.0,0.0,0.0009334197034274734,0.0
org.jsoup.parser.CharacterReader#CharacterReader(java.lang.String),1,1,0.0020325203252032522,0.0020325203252032522,3.7255973374397694e-05,0.003048780487804878,0.0009336463537583006,0.0
org.jsoup.parser.Tag#formatAsBlock(),2,0,0.0040650406504065045,0.0,0.0,0.00853335914311524,0.0013787971711602587,0.0
"org.jsoup.parser.TokeniserState.43#TokeniserState.43(java.lang.String,int)",0,1,0.0,0.0020325203252032522,0.0,0.0,0.0009334197034274734,0.0
org.jsoup.nodes.Attributes#checkNotNull(java.lang.String),1,0,0.0020325203252032522,0.0,0.0,0.014056099640280293,0.0014669624432068194,0.0
"org.jsoup.parser.TokeniserState.30#TokeniserState.30(java.lang.String,int)",0,1,0.0,0.0020325203252032522,0.0,0.0,0.0009334197034274734,0.0
"org.jsoup.parser.TokeniserState.19#TokeniserState.19(java.lang.String,int)",0,1,0.0,0.0020325203252032522,0.0,0.0,0.0009334197034274734,0.0
"org.jsoup.parser.HtmlTreeBuilderState.9#HtmlTreeBuilderState.9(java.lang.String,int)",0,1,0.0,0.0020325203252032522,0.0,0.0,0.0009334197034274734,0.0
"org.jsoup.parser.HtmlTreeBuilderState.14#HtmlTreeBuilderState.14(java.lang.String,int)",0,1,0.0,0.0020325203252032522,0.0,0.0,0.0009334197034274734,0.0
org.jsoup.parser.Tag#isSelfClosing(),2,0,0.0040650406504065045,0.0,0.0,0.00853335914311524,0.0012506004278467315,0.0
"org.jsoup.parser.HtmlTreeBuilderState.23#HtmlTreeBuilderState.23(java.lang.String,int)",0,1,0.0,0.0020325203252032522,0.0,0.0,0.0009334197034274734,0.0
"org.jsoup.parser.TokeniserState.42#TokeniserState.42(java.lang.String,int)",0,1,0.0,0.0020325203252032522,0.0,0.0,0.0009334197034274734,0.0
"org.jsoup.parser.TokeniserState.37#TokeniserState.37(java.lang.String,int)",0,1,0.0,0.0020325203252032522,0.0,0.0,0.0009334197034274734,0.0
"org.jsoup.parser.HtmlTreeBuilderState.17#HtmlTreeBuilderState.17(java.lang.String,int)",0,1,0.0,0.0020325203252032522,0.0,0.0,0.0009334197034274734,0.0
org.jsoup.internal.ConstrainableInputStream#reset(),1,0,0.0020325203252032522,0.0,0.0,0.004619364375461936,0.0011175247946951185,0.0
org.jsoup.nodes.Entities.EscapeMode#access.400(org.jsoup.nodes.Entities.EscapeMode),1,0,0.0020325203252032522,0.0,0.0,0.003048780487804878,0.0011022741998937976,0.0
"org.jsoup.parser.TokeniserState.24#TokeniserState.24(java.lang.String,int)",0,1,0.0,0.0020325203252032522,0.0,0.0,0.0009334197034274734,0.0
"org.jsoup.nodes.Element.1#Element.1(org.jsoup.nodes.Element,java.lang.StringBuilder)",1,0,0.0020325203252032522,0.0,0.0,0.0036585365853658534,0.001751853457730876,0.0
"org.jsoup.parser.HtmlTreeBuilderState.2#HtmlTreeBuilderState.2(java.lang.String,int)",0,1,0.0,0.0020325203252032522,0.0,0.0,0.0009334197034274734,0.0
"org.jsoup.parser.TokeniserState.55#TokeniserState.55(java.lang.String,int)",0,1,0.0,0.0020325203252032522,0.0,0.0,0.0009334197034274734,0.0
org.jsoup.nodes.Entities.EscapeMode#access.300(org.jsoup.nodes.Entities.EscapeMode),1,0,0.0020325203252032522,0.0,0.0,0.003048780487804878,0.0011022741998937976,0.0
"org.jsoup.parser.ParseErrorList#ParseErrorList(int,int)",1,0,0.0020325203252032522,0.0,0.0,0.007876016260162601,0.002557963967827071,0.0
org.jsoup.parser.Token.Doctype#getSystemIdentifier(),1,0,0.0020325203252032522,0.0,0.0,0.01024728997289973,0.0009750630731516822,0.0
org.jsoup.nodes.Entities.CoreCharset#byName(java.lang.String),1,0,0.0020325203252032522,0.0,0.0,0.003556910569105691,0.0028443519210039707,0.0
org.jsoup.nodes.Element#parent(),1,0,0.0020325203252032522,0.0,0.0,0.006400019357336431,0.0015260381123375008,0.0
"org.jsoup.parser.TokeniserState.5#TokeniserState.5(java.lang.String,int)",0,1,0.0,0.0020325203252032522,0.0,0.0,0.0009334197034274734,0.0
"org.jsoup.parser.ParseSettings#ParseSettings(boolean,boolean)",0,0,0.0,0.0,0.0,0.0,0.0009334197034274734,0.0
"org.jsoup.nodes.Document.OutputSettings.Syntax#Document.OutputSettings.Syntax(java.lang.String,int)",0,0,0.0,0.0,0.0,0.0,0.0009334197034274734,0.0
org.jsoup.parser.Token.TokenType#values(),0,0,0.0,0.0,0.0,0.0,0.0009334197034274734,0.0
"org.jsoup.nodes.Document.QuirksMode#Document.QuirksMode(java.lang.String,int)",0,0,0.0,0.0,0.0,0.0,0.0009334197034274734,0.0
"org.jsoup.nodes.Entities.CoreCharset#Entities.CoreCharset(java.lang.String,int)",0,0,0.0,0.0,0.0,0.0,0.0009334197034274734,0.0
"org.jsoup.parser.Token.TokenType#Token.TokenType(java.lang.String,int)",0,0,0.0,0.0,0.0,0.0,0.0009334197034274734,0.0
org.jsoup.parser.Tag#register(org.jsoup.parser.Tag),0,0,0.0,0.0,0.0,0.0,0.0009334197034274734,0.0
org.jsoup.nodes.Entities.CoreCharset#values(),0,0,0.0,0.0,0.0,0.0,0.0009334197034274734,0.0
